,Date,Open,High,Low,Close,Adj Close,Volume,State
49,2015-03-16,206.71,208.69,0.0,0.0,187.91,136099200,0.0
50,2015-03-17,207.69,208.42,0.0,0.0,187.35,94510400,0.0
51,2015-03-18,207.39,211.27,0.0,0.0,189.6,228808500,0.0
52,2015-03-19,209.96,210.47,0.0,0.0,188.74,117917300,0.0
53,2015-03-20,209.71,211.02,0.0,0.0,190.4,177715100,0.0
54,2015-03-23,210.42,211.11,0.0,0.0,190.03,71784500,0.0
55,2015-03-24,209.85,210.4,0.0,0.0,188.96,77805300,0.0
56,2015-03-25,209.07,209.35,0.0,0.0,186.2,159521700,0.0
57,2015-03-26,204.96,206.37,0.0,0.0,185.75,153067200,0.0
58,2015-03-27,205.13,205.95,0.0,0.0,186.18,118939000,0.0
59,2015-03-30,206.98,208.61,0.0,0.0,188.45,96180400,0.0
60,2015-03-31,207.26,208.1,0.0,0.0,186.8,126768700,0.0
61,2015-04-01,206.39,206.42,0.0,0.0,186.14,137303600,0.0
62,2015-04-02,205.62,206.98,0.0,0.0,186.81,86900900,0.0
63,2015-04-06,205.37,208.45,0.0,0.0,188.07,114368200,0.0
64,2015-04-07,207.86,208.76,0.0,0.0,187.57,81236300,0.0
65,2015-04-08,207.55,208.51,0.0,0.0,188.2,89351900,0.0
66,2015-04-09,207.78,209.18,0.0,0.0,189.04,85548900,0.0
67,2015-04-10,209.2,210.09,0.0,0.0,190.07,72722900,0.0
68,2015-04-13,209.87,210.63,0.0,0.0,189.21,74436600,0.0
69,2015-04-14,208.85,209.71,0.0,0.0,189.57,75099900,0.0
70,2015-04-15,210.05,211.04,0.0,0.0,190.42,99529300,0.0
71,2015-04-16,210.03,210.98,0.0,0.0,190.37,68934900,0.0
72,2015-04-17,208.94,209.23,0.0,0.0,188.18,191113200,0.0
73,2015-04-20,209.06,210.25,0.0,0.0,189.9,92189500,0.0
74,2015-04-21,210.67,210.86,0.0,0.0,189.67,72559800,0.0
75,2015-04-22,210.01,210.85,0.0,0.0,190.6,78264600,0.0
76,2015-04-23,210.15,211.94,0.0,0.0,191.08,102585900,0.0
77,2015-04-24,211.66,211.97,0.0,0.0,191.53,61327400,0.0
78,2015-04-27,212.33,212.48,0.0,0.0,190.73,79358100,0.0
79,2015-04-28,210.74,211.5,0.0,0.0,191.34,86863500,0.0
80,2015-04-29,210.37,211.29,0.0,0.0,190.55,125684900,0.0
81,2015-04-30,209.88,210.35,0.0,0.0,188.64,161304900,0.0
82,2015-05-01,209.4,210.77,0.0,0.0,190.68,103399700,0.0
83,2015-05-04,211.23,212.02,0.0,0.0,191.23,70927200,0.0
84,2015-05-05,211.03,211.46,0.0,0.0,189.04,113326200,0.0
85,2015-05-06,209.56,209.93,0.0,0.0,188.26,135060200,0.0
86,2015-05-07,207.92,209.38,0.0,0.0,189.01,88244900,0.0
87,2015-05-08,210.88,211.86,0.0,0.0,191.5,155877300,0.0
88,2015-05-11,211.57,211.89,0.0,0.0,190.58,75708100,0.0
89,2015-05-12,209.61,210.63,0.0,0.0,190.01,119727600,0.0
90,2015-05-13,210.47,211.22,0.0,0.0,190.05,94667900,0.0
91,2015-05-14,211.24,212.32,0.0,0.0,192.03,95934000,0.0
92,2015-05-15,212.44,212.61,0.0,0.0,192.24,76510100,0.0
93,2015-05-18,212.24,213.4,0.0,0.0,192.84,74549700,0.0
94,2015-05-19,213.24,213.57,0.0,0.0,192.77,72114600,0.0
95,2015-05-20,213.15,213.78,0.0,0.0,192.64,76857500,0.0
96,2015-05-21,212.71,213.75,0.0,0.0,193.2,64764600,0.0
97,2015-05-22,213.04,213.54,0.0,0.0,192.74,57433500,0.0
98,2015-05-26,212.4,212.91,0.0,0.0,190.67,124308600,0.0
99,2015-05-27,211.25,212.98,0.0,0.0,192.48,93214000,0.0
100,2015-05-28,212.33,212.59,0.0,0.0,192.26,74974600,0.0
101,2015-05-29,212.38,212.43,0.0,0.0,191.06,124919600,0.0
102,2015-06-01,211.94,212.34,0.0,0.0,191.45,93338800,0.0
103,2015-06-02,211.02,212.19,0.0,0.0,191.26,91531000,0.0
104,2015-06-03,212.0,212.67,0.0,0.0,191.77,87820900,0.0
105,2015-06-04,211.07,211.86,0.0,0.0,190.15,151882800,0.0
106,2015-06-05,209.95,210.58,0.0,0.0,189.82,121704700,0.0
107,2015-06-08,209.64,209.82,0.0,0.0,188.66,89063300,0.0
108,2015-06-09,208.45,209.1,0.0,0.0,188.63,105034700,0.0
109,2015-06-10,209.37,211.41,0.0,0.0,190.89,134551300,0.0
110,2015-06-11,211.48,212.09,0.0,0.0,191.51,73876400,0.0
111,2015-06-12,210.64,211.48,0.0,0.0,190.04,135382400,0.0
112,2015-06-15,208.64,209.45,0.0,0.0,189.23,124384200,0.0
113,2015-06-16,208.93,210.35,0.0,0.0,190.26,85308200,0.0
114,2015-06-17,210.59,211.32,0.0,0.0,190.57,126708600,0.0
115,2015-06-18,211.31,213.34,0.0,0.0,192.55,165867900,0.0
116,2015-06-19,211.46,211.55,0.0,0.0,191.69,130478700,0.0
117,2015-06-22,211.91,212.59,0.0,0.0,192.68,70696000,0.0
118,2015-06-23,212.14,212.44,0.0,0.0,192.81,68476800,0.0
119,2015-06-24,211.72,212.17,0.0,0.0,191.41,92307300,0.0
120,2015-06-25,211.1,211.25,0.0,0.0,190.83,97107400,0.0
121,2015-06-26,210.29,210.58,0.0,0.0,190.79,104174800,0.0
122,2015-06-29,208.05,209.83,0.0,0.0,186.79,202621300,0.0
123,2015-06-30,207.26,207.32,0.0,0.0,187.18,182925100,0.0
124,2015-07-01,207.73,208.03,0.0,0.0,188.68,135979900,0.0
125,2015-07-02,208.07,208.27,0.0,0.0,188.51,104373700,0.0
126,2015-07-06,205.77,207.65,0.0,0.0,187.97,117975400,0.0
127,2015-07-07,206.96,208.17,0.0,0.0,189.16,173820200,0.0
128,2015-07-08,206.42,206.76,0.0,0.0,185.98,164020100,0.0
129,2015-07-09,207.04,207.35,0.0,0.0,186.32,144113100,0.0
130,2015-07-10,207.29,207.98,0.0,0.0,188.67,129456900,0.0
131,2015-07-13,208.99,209.9,0.0,0.0,190.75,106069400,0.0
132,2015-07-14,209.72,211.05,0.0,0.0,191.58,81709600,0.0
133,2015-07-15,210.73,211.28,0.0,0.0,191.51,97914100,0.0
134,2015-07-16,211.87,212.3,0.0,0.0,193.05,106683300,0.0
135,2015-07-17,212.29,212.55,0.0,0.0,193.21,89030000,0.0
136,2015-07-20,212.75,213.18,0.0,0.0,193.31,70446800,0.0
137,2015-07-21,212.43,212.74,0.0,0.0,192.55,77965000,0.0
138,2015-07-22,210.93,211.77,0.0,0.0,192.2,88667900,0.0
139,2015-07-23,211.53,211.65,0.0,0.0,191.12,90509100,0.0
140,2015-07-24,210.3,210.37,0.0,0.0,189.14,117755000,0.0
141,2015-07-27,206.94,207.55,0.0,0.0,188.04,132361100,0.0
142,2015-07-28,207.79,209.5,0.0,0.0,190.35,123544800,0.0
143,2015-07-29,209.48,211.04,0.0,0.0,191.66,105791300,0.0
144,2015-07-30,210.16,211.02,0.0,0.0,191.7,91304400,0.0
145,2015-07-31,211.42,211.45,0.0,0.0,191.41,103266900,0.0
146,2015-08-03,210.46,210.53,0.0,0.0,190.77,113965700,0.0
147,2015-08-04,209.7,210.25,0.0,0.0,190.39,81820800,0.0
148,2015-08-05,210.45,211.31,0.0,0.0,191.02,85786800,0.0
149,2015-08-06,210.29,210.42,0.0,0.0,189.46,116030800,0.0
150,2015-08-07,208.16,208.34,0.0,0.0,189.09,117858000,0.0
151,2015-08-10,209.28,210.67,0.0,0.0,191.48,80270700,0.0
152,2015-08-11,208.97,209.47,0.0,0.0,189.75,126081400,0.0
153,2015-08-12,207.11,209.14,0.0,0.0,189.97,172123700,0.0
154,2015-08-13,208.73,209.55,0.0,0.0,189.74,89383300,0.0
155,2015-08-14,208.43,209.51,0.0,0.0,190.43,72786500,0.0
156,2015-08-17,208.71,210.59,0.0,0.0,191.49,79072600,0.0
157,2015-08-18,210.26,210.68,0.0,0.0,190.94,71692700,0.0
158,2015-08-19,209.09,210.01,0.0,0.0,189.43,172946000,0.0
159,2015-08-20,206.51,208.29,0.0,0.0,185.47,194327900,0.0
160,2015-08-21,201.73,203.94,0.0,0.0,179.89,346588500,0.0
161,2015-08-24,187.49,197.48,0.0,0.0,172.32,507244300,0.0
162,2015-08-25,195.43,195.45,0.0,0.0,170.29,369833100,0.0
163,2015-08-26,192.08,194.79,0.0,0.0,176.83,339257000,0.0
164,2015-08-27,197.02,199.42,0.0,0.0,181.2,274143900,0.0
165,2015-08-28,198.5,199.84,0.0,0.0,181.21,160414400,0.0
166,2015-08-31,198.11,199.13,0.0,0.0,179.75,163298800,0.0
167,2015-09-01,193.12,194.77,0.0,0.0,174.38,256000400,0.0
168,2015-09-02,194.62,195.46,0.0,0.0,177.69,160269300,0.0
169,2015-09-03,196.26,198.05,0.0,0.0,177.82,152087800,0.0
170,2015-09-04,192.85,193.86,0.0,0.0,175.13,207081000,0.0
171,2015-09-08,195.94,197.61,0.0,0.0,179.53,116025700,0.0
172,2015-09-09,199.32,199.47,0.0,0.0,177.13,149347700,0.0
173,2015-09-10,194.56,197.22,0.0,0.0,178.09,158611100,0.0
174,2015-09-11,195.38,196.82,0.0,0.0,178.9,119691200,0.0
175,2015-09-14,196.95,197.01,0.0,0.0,178.24,79452000,0.0
176,2015-09-15,196.61,198.99,0.0,0.0,180.46,113806200,0.0
177,2015-09-16,198.82,200.41,0.0,0.0,182.03,99581600,0.0
178,2015-09-17,200.02,202.89,0.0,0.0,181.62,276046600,0.0
179,2015-09-18,195.71,198.68,0.0,0.0,178.65,223657500,0.0
180,2015-09-21,196.44,197.68,0.0,0.0,179.57,105726200,0.0
181,2015-09-22,193.88,194.46,0.0,0.0,177.24,153890900,0.0
182,2015-09-23,194.11,194.67,0.0,0.0,176.96,92790600,0.0
183,2015-09-24,192.15,193.45,0.0,0.0,176.32,159378800,0.0
184,2015-09-25,194.64,195.0,0.0,0.0,176.27,155054800,0.0
185,2015-09-28,191.78,191.91,0.0,0.0,171.85,178515900,0.0
186,2015-09-29,188.27,189.74,0.0,0.0,171.95,159045600,0.0
187,2015-09-30,190.37,191.83,0.0,0.0,175.16,163452000,0.0
188,2015-10-01,192.08,192.49,0.0,0.0,175.62,131079000,0.0
189,2015-10-02,189.77,195.03,0.0,0.0,178.24,211003300,0.0
190,2015-10-05,196.46,198.74,0.0,0.0,181.41,126320800,0.0
191,2015-10-06,198.31,198.98,0.0,0.0,180.79,110274500,0.0
192,2015-10-07,198.9,199.83,0.0,0.0,182.27,124307300,0.0
193,2015-10-08,198.95,201.55,0.0,0.0,183.92,153055200,0.0
194,2015-10-09,201.38,201.9,0.0,0.0,184.02,107069200,0.0
195,2015-10-12,201.42,201.76,0.0,0.0,184.2,56395600,0.0
196,2015-10-13,200.65,202.16,0.0,0.0,183.04,88038700,0.0
197,2015-10-14,200.18,200.87,0.0,0.0,182.16,99106200,0.0
198,2015-10-15,200.08,202.36,0.0,0.0,184.96,134142200,0.0
199,2015-10-16,202.83,203.29,0.0,0.0,185.8,114580100,0.0
200,2015-10-19,202.5,203.37,0.0,0.0,185.89,76523900,0.0
201,2015-10-20,202.85,203.84,0.0,0.0,185.65,78448500,0.0
202,2015-10-21,203.61,203.79,0.0,0.0,184.5,102038000,0.0
203,2015-10-22,202.98,205.51,0.0,0.0,187.62,174911700,0.0
204,2015-10-23,207.25,207.95,0.0,0.0,189.67,144442300,0.0
205,2015-10-26,207.3,207.37,0.0,0.0,189.21,69033000,0.0
206,2015-10-27,206.2,207.0,0.0,0.0,188.84,77905800,0.0
207,2015-10-28,207.0,208.98,0.0,0.0,190.99,135906700,0.0
208,2015-10-29,208.35,209.27,0.0,0.0,190.88,90525500,0.0
209,2015-10-30,209.06,209.44,0.0,0.0,190.06,131076900,0.0
210,2015-11-02,208.32,210.62,0.0,0.0,192.31,86270800,0.0
211,2015-11-03,209.97,211.66,0.0,0.0,192.86,95246100,0.0
212,2015-11-04,211.35,211.5,0.0,0.0,192.28,96224500,0.0
213,2015-11-05,210.43,210.98,0.0,0.0,192.09,78408700,0.0
214,2015-11-06,209.74,210.32,0.0,0.0,191.99,110471500,0.0
215,2015-11-09,209.31,209.49,0.0,0.0,190.19,131008700,0.0
216,2015-11-10,207.51,208.6,0.0,0.0,190.63,75874600,0.0
217,2015-11-11,208.88,208.94,0.0,0.0,189.88,67846000,0.0
218,2015-11-12,206.5,207.06,0.0,0.0,187.23,121315200,0.0
219,2015-11-13,204.35,204.67,0.0,0.0,185.13,153577100,0.0
220,2015-11-16,202.32,205.69,0.0,0.0,187.95,117645200,0.0
221,2015-11-17,205.99,207.04,0.0,0.0,187.81,121123700,0.0
222,2015-11-18,206.04,208.9,0.0,0.0,190.79,121342500,0.0
223,2015-11-19,208.59,209.05,0.0,0.0,190.62,88220500,0.0
224,2015-11-20,209.45,210.12,0.0,0.0,191.32,94011500,0.0
225,2015-11-23,209.38,209.98,0.0,0.0,191.1,64931200,0.0
226,2015-11-24,207.87,209.83,0.0,0.0,191.36,98874400,0.0
227,2015-11-25,209.5,209.74,0.0,0.0,191.33,51980100,0.0
228,2015-11-27,209.43,209.8,0.0,0.0,191.55,37317800,0.0
229,2015-11-30,209.75,209.89,0.0,0.0,190.75,112822700,0.0
230,2015-12-01,209.44,210.82,0.0,0.0,192.57,97858400,0.0
231,2015-12-02,210.62,211.0,0.0,0.0,190.61,108441300,0.0
232,2015-12-03,208.83,209.15,0.0,0.0,187.94,166224200,0.0
233,2015-12-04,205.61,209.97,0.0,0.0,191.6,192913900,0.0
234,2015-12-07,209.23,209.73,0.0,0.0,190.44,102027100,0.0
235,2015-12-08,206.49,208.29,0.0,0.0,189.16,103372400,0.0
236,2015-12-09,206.19,208.68,0.0,0.0,187.69,162401500,0.0
237,2015-12-10,205.42,207.43,0.0,0.0,188.17,116128900,0.0
238,2015-12-11,203.35,204.14,0.0,0.0,184.53,211173300,0.0
239,2015-12-14,202.07,203.05,0.0,0.0,185.46,182385200,0.0
240,2015-12-15,204.7,206.11,0.0,0.0,187.41,154069600,0.0
241,2015-12-16,206.37,208.39,0.0,0.0,190.15,197017000,0.0
242,2015-12-17,208.4,208.48,0.0,0.0,187.25,173092500,0.0
243,2015-12-18,202.77,202.93,0.0,0.0,183.92,251393500,0.0
244,2015-12-21,201.41,201.88,0.0,0.0,185.43,99094300,0.0
245,2015-12-22,202.72,203.85,0.0,0.0,187.12,111026200,0.0
246,2015-12-23,204.69,206.07,0.0,0.0,189.43,110987200,0.0
247,2015-12-24,205.72,206.33,0.0,0.0,189.12,48539600,0.0
248,2015-12-28,204.86,205.26,0.0,0.0,188.69,65899900,0.0
249,2015-12-29,206.51,207.79,0.0,0.0,190.7,92640700,0.0
250,2015-12-30,207.11,207.21,0.0,0.0,189.35,63317700,0.0
251,2015-12-31,205.13,205.89,0.0,0.0,187.46,114877900,0.0
252,2016-01-04,200.49,201.03,0.0,0.0,184.84,222353500,0.0
253,2016-01-05,201.4,201.9,0.0,0.0,185.15,110845800,0.0
254,2016-01-06,198.34,200.06,0.0,0.0,182.81,152112600,0.0
255,2016-01-07,195.33,197.44,0.0,0.0,178.43,213436100,0.0
256,2016-01-08,195.19,195.85,0.0,0.0,176.47,209817200,0.0
257,2016-01-11,193.01,193.41,0.0,0.0,176.64,187941300,0.0
258,2016-01-12,193.82,194.55,0.0,0.0,178.07,172330500,0.0
259,2016-01-13,194.45,194.86,0.0,0.0,173.63,221168900,0.0
260,2016-01-14,189.55,193.26,0.0,0.0,176.48,240795600,0.0
261,2016-01-15,186.77,188.76,0.0,0.0,172.69,324846400,0.0
262,2016-01-19,189.96,190.11,0.0,0.0,172.92,195244400,0.0
263,2016-01-20,185.03,187.5,0.0,0.0,170.7,286547800,0.0
264,2016-01-21,186.21,188.87,0.0,0.0,171.66,195772900,0.0
265,2016-01-22,189.78,190.76,0.0,0.0,175.18,168319600,0.0
266,2016-01-25,189.92,190.15,0.0,0.0,172.53,130371700,0.0
267,2016-01-26,188.42,190.53,0.0,0.0,174.89,141036800,0.0
268,2016-01-27,189.58,191.56,0.0,0.0,172.98,185681700,0.0
269,2016-01-28,189.96,190.2,0.0,0.0,173.88,143798800,0.0
270,2016-01-29,190.02,193.88,0.0,0.0,178.12,210529300,0.0
271,2016-02-01,192.53,194.58,0.0,0.0,178.06,136061600,0.0
272,2016-02-02,191.96,191.97,0.0,0.0,174.85,182564900,0.0
273,2016-02-03,191.41,191.78,0.0,0.0,175.9,205054900,0.0
274,2016-02-04,190.71,192.75,0.0,0.0,176.17,139531800,0.0
275,2016-02-05,190.99,191.67,0.0,0.0,172.82,180788300,0.0
276,2016-02-08,185.77,186.12,0.0,0.0,170.49,191526700,0.0
277,2016-02-09,183.36,186.94,0.0,0.0,170.5,184513100,0.0
278,2016-02-10,186.41,188.34,0.0,0.0,170.35,148214100,0.0
279,2016-02-11,182.34,184.1,0.0,0.0,168.14,219058900,0.0
280,2016-02-12,184.96,186.65,0.0,0.0,171.6,127632400,0.0
281,2016-02-16,188.77,189.81,0.0,0.0,174.5,120250700,0.0
282,2016-02-17,191.16,193.32,0.0,0.0,177.35,136009500,0.0
283,2016-02-18,193.2,193.27,0.0,0.0,176.62,102343000,0.0
284,2016-02-19,191.17,192.18,0.0,0.0,176.54,114793000,0.0
285,2016-02-22,193.87,194.95,0.0,0.0,179.1,103640300,0.0
286,2016-02-23,194.0,194.32,0.0,0.0,176.84,111455300,0.0
287,2016-02-24,190.63,193.53,0.0,0.0,177.64,150812200,0.0
288,2016-02-25,193.73,195.55,0.0,0.0,179.8,110728300,0.0
289,2016-02-26,196.57,196.68,0.0,0.0,179.38,129833700,0.0
290,2016-02-29,195.11,196.23,0.0,0.0,177.98,125918100,0.0
291,2016-03-01,195.01,198.21,0.0,0.0,182.16,141799700,0.0
292,2016-03-02,197.74,199.06,0.0,0.0,182.98,102415000,0.0
293,2016-03-03,198.79,199.8,0.0,0.0,183.7,95172200,0.0
294,2016-03-04,200.01,201.35,0.0,0.0,184.29,129293600,0.0
295,2016-03-07,199.34,201.07,0.0,0.0,184.44,100219000,0.0
296,2016-03-08,199.32,199.92,0.0,0.0,182.43,123974900,0.0
297,2016-03-09,199.36,199.79,0.0,0.0,183.33,94801200,0.0
298,2016-03-10,199.96,201.07,0.0,0.0,183.47,156838700,0.0
299,2016-03-11,201.26,202.81,0.0,0.0,186.44,137964500,0.0
300,2016-03-14,202.16,203.04,0.0,0.0,186.2,73612000,0.0
301,2016-03-15,201.36,202.53,0.0,0.0,185.89,93169100,0.0
302,2016-03-16,201.6,203.82,0.0,0.0,186.97,129303200,0.0
303,2016-03-17,203.24,205.23,0.0,0.0,188.15,134278500,0.0
304,2016-03-18,204.17,204.78,0.0,0.0,188.89,138372400,0.0
305,2016-03-21,204.07,204.94,0.0,0.0,189.16,72926700,0.0
306,2016-03-22,203.76,205.23,0.0,0.0,189.06,97471900,0.0
307,2016-03-23,204.11,204.33,0.0,0.0,187.81,81052500,0.0
308,2016-03-24,202.0,203.16,0.0,0.0,187.73,84360900,0.0
309,2016-03-28,203.61,203.86,0.0,0.0,187.84,62408200,0.0
310,2016-03-29,202.76,205.25,0.0,0.0,189.58,92922900,0.0
311,2016-03-30,206.3,206.87,0.0,0.0,190.41,86365300,0.0
312,2016-03-31,205.91,206.41,0.0,0.0,189.95,94584100,0.0
313,2016-04-01,204.35,207.14,0.0,0.0,191.24,114423500,0.0
314,2016-04-04,206.83,207.07,0.0,0.0,190.62,63497000,0.0
315,2016-04-05,204.67,206.26,0.0,0.0,188.72,99662200,0.0
316,2016-04-06,204.19,206.49,0.0,0.0,190.78,91839800,0.0
317,2016-04-07,205.14,205.56,0.0,0.0,188.5,113859000,0.0
318,2016-04-08,205.34,205.85,0.0,0.0,189.0,95040600,0.0
319,2016-04-11,205.25,206.07,0.0,0.0,188.56,83757500,0.0
320,2016-04-12,204.22,206.25,0.0,0.0,190.32,115350600,0.0
321,2016-04-13,207.0,208.1,0.0,0.0,192.24,96336400,0.0
322,2016-04-14,208.07,208.6,0.0,0.0,192.25,65212900,0.0
323,2016-04-15,208.01,208.17,0.0,0.0,192.04,75761600,0.0
324,2016-04-18,207.78,209.28,0.0,0.0,193.39,82531000,0.0
325,2016-04-19,209.74,210.2,0.0,0.0,194.0,88316100,0.0
326,2016-04-20,209.95,210.92,0.0,0.0,194.18,81100300,0.0
327,2016-04-21,210.12,210.25,0.0,0.0,193.14,85695000,0.0
328,2016-04-22,208.55,209.29,0.0,0.0,193.14,99251700,0.0
329,2016-04-25,208.26,208.66,0.0,0.0,192.8,66166500,0.0
330,2016-04-26,209.04,209.52,0.0,0.0,193.09,75864200,0.0
331,2016-04-27,208.47,209.81,0.0,0.0,193.49,77329400,0.0
332,2016-04-28,208.46,209.76,0.0,0.0,191.73,97216200,0.0
333,2016-04-29,206.72,207.13,0.0,0.0,190.7,142424100,0.0
334,2016-05-02,206.92,208.18,0.0,0.0,192.21,62188000,0.0
335,2016-05-03,206.52,206.8,0.0,0.0,190.54,106422100,0.0
336,2016-05-04,204.99,205.85,0.0,0.0,189.48,92243800,0.0
337,2016-05-05,205.56,205.98,0.0,0.0,189.44,67619200,0.0
338,2016-05-06,204.06,205.77,0.0,0.0,190.13,89315000,0.0
339,2016-05-09,205.57,206.4,0.0,0.0,190.29,74374900,0.0
340,2016-05-10,206.72,208.47,0.0,0.0,192.66,77472200,0.0
341,2016-05-11,207.91,208.54,0.0,0.0,190.85,81727000,0.0
342,2016-05-12,207.29,207.49,0.0,0.0,190.91,89586300,0.0
343,2016-05-13,206.21,206.86,0.0,0.0,189.25,96474600,0.0
344,2016-05-16,204.96,207.34,0.0,0.0,191.11,77486800,0.0
345,2016-05-17,206.46,206.8,0.0,0.0,189.33,114924900,0.0
346,2016-05-18,204.44,206.3,0.0,0.0,189.38,120062100,0.0
347,2016-05-19,204.06,204.54,0.0,0.0,188.73,115430500,0.0
348,2016-05-20,204.92,206.1,0.0,0.0,189.92,104990400,0.0
349,2016-05-23,205.51,205.84,0.0,0.0,189.66,58682600,0.0
350,2016-05-24,206.17,208.24,0.0,0.0,192.12,93537800,0.0
351,2016-05-25,208.67,209.77,0.0,0.0,193.42,76621400,0.0
352,2016-05-26,209.44,209.71,0.0,0.0,193.48,55280700,0.0
353,2016-05-27,209.53,210.25,0.0,0.0,194.31,64211200,0.0
354,2016-05-31,210.56,210.69,0.0,0.0,193.94,109879400,0.0
355,2016-06-01,209.12,210.48,0.0,0.0,194.34,69936200,0.0
356,2016-06-02,209.8,210.93,0.0,0.0,194.93,63044700,0.0
357,2016-06-03,210.25,210.69,0.0,0.0,194.35,101757100,0.0
358,2016-06-06,210.7,211.77,0.0,0.0,195.34,64887000,0.0
359,2016-06-07,211.53,212.34,0.0,0.0,195.64,60974800,0.0
360,2016-06-08,211.84,212.52,0.0,0.0,196.28,66170900,0.0
361,2016-06-09,211.51,212.22,0.0,0.0,196.01,73786900,0.0
362,2016-06-10,210.46,210.86,0.0,0.0,194.15,113829200,0.0
363,2016-06-13,209.36,210.37,0.0,0.0,192.66,117751200,0.0
364,2016-06-14,208.0,208.74,0.0,0.0,192.28,125059300,0.0
365,2016-06-15,208.04,209.36,0.0,0.0,192.01,109124500,0.0
366,2016-06-16,207.75,208.57,0.0,0.0,192.58,149533100,0.0
367,2016-06-17,207.17,207.2,0.0,0.0,191.86,117055700,0.0
368,2016-06-20,208.82,209.61,0.0,0.0,193.1,82789600,0.0
369,2016-06-21,208.3,208.92,0.0,0.0,193.65,72461700,0.0
370,2016-06-22,208.65,209.5,0.0,0.0,193.33,95560500,0.0
371,2016-06-23,209.81,210.87,0.0,0.0,195.85,102731400,0.0
372,2016-06-24,203.63,210.85,0.0,0.0,188.82,333444400,0.0
373,2016-06-27,201.59,201.6,0.0,0.0,185.44,230775800,0.0
374,2016-06-28,201.48,203.23,0.0,0.0,188.78,159382400,0.0
375,2016-06-29,204.84,206.93,0.0,0.0,191.99,137328600,0.0
376,2016-06-30,207.21,209.54,0.0,0.0,194.61,165021900,0.0
377,2016-07-01,209.48,210.49,0.0,0.0,195.02,106055300,0.0
378,2016-07-05,208.95,209.08,0.0,0.0,193.62,109803700,0.0
379,2016-07-06,207.83,209.8,0.0,0.0,194.78,96021500,0.0
380,2016-07-07,209.87,210.65,0.0,0.0,194.66,85593800,0.0
381,2016-07-08,211.05,212.94,0.0,0.0,197.56,133971000,0.0
382,2016-07-11,213.19,214.07,0.0,0.0,198.26,73633900,0.0
383,2016-07-12,214.53,215.3,0.0,0.0,199.7,101275600,0.0
384,2016-07-13,215.44,215.45,0.0,0.0,199.67,87324100,0.0
385,2016-07-14,216.4,216.67,0.0,0.0,200.78,91230900,0.0
386,2016-07-15,216.78,217.01,0.0,0.0,200.51,107155400,0.0
387,2016-07-18,215.97,216.6,0.0,0.0,201.05,58725900,0.0
388,2016-07-19,215.92,216.23,0.0,0.0,200.85,54345700,0.0
389,2016-07-20,216.19,217.37,0.0,0.0,201.68,58159500,0.0
390,2016-07-21,216.96,217.22,0.0,0.0,200.92,67777300,0.0
391,2016-07-22,216.41,217.3,0.0,0.0,201.82,62787500,0.0
392,2016-07-25,217.0,217.06,0.0,0.0,201.28,55873100,0.0
393,2016-07-26,216.53,217.17,0.0,0.0,201.37,70080500,0.0
394,2016-07-27,217.19,217.27,0.0,0.0,201.15,84083900,0.0
395,2016-07-28,216.29,217.11,0.0,0.0,201.39,65035700,0.0
396,2016-07-29,216.46,217.54,0.0,0.0,201.71,79519400,0.0
397,2016-08-01,217.19,217.65,0.0,0.0,201.54,73311400,0.0
398,2016-08-02,216.65,216.83,0.0,0.0,200.25,92295500,0.0
399,2016-08-03,215.48,216.25,0.0,0.0,200.84,53993600,0.0
400,2016-08-04,216.31,216.78,0.0,0.0,201.05,46585500,0.0
401,2016-08-05,216.41,218.23,0.0,0.0,202.7,71892200,0.0
402,2016-08-08,218.4,218.52,0.0,0.0,202.58,39906500,0.0
403,2016-08-09,218.13,218.76,0.0,0.0,202.7,51251700,0.0
404,2016-08-10,218.31,218.4,0.0,0.0,202.2,57941100,0.0
405,2016-08-11,218.26,218.94,0.0,0.0,203.13,72504300,0.0
406,2016-08-12,218.29,218.71,0.0,0.0,202.96,61313500,0.0
407,2016-08-15,218.89,219.5,0.0,0.0,203.54,49813500,0.0
408,2016-08-16,218.6,218.68,0.0,0.0,202.49,53213600,0.0
409,2016-08-17,218.0,218.53,0.0,0.0,202.87,75134300,0.0
410,2016-08-18,218.34,218.9,0.0,0.0,203.33,52989300,0.0
411,2016-08-19,218.31,218.75,0.0,0.0,203.03,75443000,0.0
412,2016-08-22,218.26,218.8,0.0,0.0,203.02,61368800,0.0
413,2016-08-23,219.25,219.6,0.0,0.0,203.43,53399200,0.0
414,2016-08-24,218.8,218.91,0.0,0.0,202.39,71728900,0.0
415,2016-08-25,217.4,218.19,0.0,0.0,202.25,69224800,0.0
416,2016-08-26,217.92,219.12,0.0,0.0,201.87,122506300,0.0
417,2016-08-29,217.44,218.67,0.0,0.0,202.86,70502200,0.0
418,2016-08-30,218.26,218.59,0.0,0.0,202.53,58114500,0.0
419,2016-08-31,217.61,217.75,0.0,0.0,201.95,85269500,0.0
420,2016-09-01,217.37,217.73,0.0,0.0,201.96,97844200,0.0
421,2016-09-02,218.39,218.87,0.0,0.0,202.87,79293900,0.0
422,2016-09-06,218.7,219.12,0.0,0.0,203.49,56702100,0.0
423,2016-09-07,218.84,219.22,0.0,0.0,203.47,76554900,0.0
424,2016-09-08,218.62,218.94,0.0,0.0,203.0,74102900,0.0
425,2016-09-09,216.97,217.03,0.0,0.0,198.14,221589100,0.0
426,2016-09-12,212.39,216.81,0.0,0.0,200.99,168110900,0.0
427,2016-09-13,214.84,215.15,0.0,0.0,198.1,182828800,0.0
428,2016-09-14,213.29,214.7,0.0,0.0,198.02,134185500,0.0
429,2016-09-15,212.96,215.73,0.0,0.0,200.0,134427900,0.0
430,2016-09-16,213.48,213.69,0.0,0.0,199.23,155236400,0.0
431,2016-09-19,214.13,214.88,0.0,0.0,199.27,80250500,0.0
432,2016-09-20,214.41,214.59,0.0,0.0,199.28,69665300,0.0
433,2016-09-21,214.24,216.03,0.0,0.0,201.52,110284400,0.0
434,2016-09-22,217.0,217.53,0.0,0.0,202.79,76678700,0.0
435,2016-09-23,216.72,216.88,0.0,0.0,201.68,73630900,0.0
436,2016-09-26,215.02,215.23,0.0,0.0,200.04,89827300,0.0
437,2016-09-27,214.05,215.68,0.0,0.0,201.28,78494800,0.0
438,2016-09-28,215.83,216.82,0.0,0.0,202.28,87411000,0.0
439,2016-09-29,216.4,216.87,0.0,0.0,200.45,128070600,0.0
440,2016-09-30,215.65,217.12,0.0,0.0,201.97,117202900,0.0
441,2016-10-03,215.82,216.04,0.0,0.0,201.48,83512100,0.0
442,2016-10-04,215.91,216.17,0.0,0.0,200.45,119948100,0.0
443,2016-10-05,215.41,216.13,0.0,0.0,201.34,72816000,0.0
444,2016-10-06,215.37,216.04,0.0,0.0,201.48,62927400,0.0
445,2016-10-07,216.1,216.3,0.0,0.0,200.79,89788300,0.0
446,2016-10-10,216.16,216.7,0.0,0.0,201.83,51855000,0.0
447,2016-10-11,215.66,215.74,0.0,0.0,199.29,130367400,0.0
448,2016-10-12,213.59,214.32,0.0,0.0,199.55,73866100,0.0
449,2016-10-13,212.16,213.59,0.0,0.0,198.89,101357000,0.0
450,2016-10-14,214.15,214.69,0.0,0.0,199.0,93346200,0.0
451,2016-10-17,213.09,213.39,0.0,0.0,198.31,58275700,0.0
452,2016-10-18,214.24,214.31,0.0,0.0,199.55,76869700,0.0
453,2016-10-19,214.02,214.64,0.0,0.0,200.08,66519200,0.0
454,2016-10-20,213.87,214.53,0.0,0.0,199.71,73639800,0.0
455,2016-10-21,213.88,214.08,0.0,0.0,199.8,89089100,0.0
456,2016-10-24,215.0,215.32,0.0,0.0,200.65,60146600,0.0
457,2016-10-25,214.68,214.98,0.0,0.0,199.98,66542300,0.0
458,2016-10-26,213.21,214.42,0.0,0.0,199.58,75705500,0.0
459,2016-10-27,214.58,214.62,0.0,0.0,199.04,77220200,0.0
460,2016-10-28,213.14,213.93,0.0,0.0,198.45,140623200,0.0
461,2016-10-31,212.93,213.19,0.0,0.0,198.46,61272500,0.0
462,2016-11-01,212.93,212.99,0.0,0.0,197.03,122781800,0.0
463,2016-11-02,210.65,211.1,0.0,0.0,195.84,103330800,0.0
464,2016-11-03,209.99,210.24,0.0,0.0,194.94,88939300,0.0
465,2016-11-04,208.91,209.89,0.0,0.0,194.73,109122100,0.0
466,2016-11-07,208.55,213.19,0.0,0.0,199.02,109794900,0.0
467,2016-11-08,212.69,214.77,0.0,0.0,199.92,106772100,0.0
468,2016-11-09,212.37,217.1,0.0,0.0,202.04,258429000,0.0
469,2016-11-10,217.3,218.31,0.0,0.0,202.54,172113300,0.0
470,2016-11-11,216.08,216.7,0.0,0.0,202.08,100552700,0.0
471,2016-11-14,217.03,217.27,0.0,0.0,202.24,94580000,0.0
472,2016-11-15,217.04,218.28,0.0,0.0,203.81,91652600,0.0
473,2016-11-16,217.56,218.14,0.0,0.0,203.43,65617700,0.0
474,2016-11-17,218.05,219.06,0.0,0.0,204.48,69797200,0.0
475,2016-11-18,219.07,219.27,0.0,0.0,204.02,86265800,0.0
476,2016-11-21,219.17,220.18,0.0,0.0,205.56,72402600,0.0
477,2016-11-22,220.51,220.79,0.0,0.0,205.96,67429000,0.0
478,2016-11-23,219.98,220.76,0.0,0.0,206.07,56620200,0.0
479,2016-11-25,221.1,221.56,0.0,0.0,206.84,37872300,0.0
480,2016-11-28,221.16,221.48,0.0,0.0,205.87,76572500,0.0
481,2016-11-29,220.52,221.44,0.0,0.0,206.27,69886700,0.0
482,2016-11-30,221.63,221.82,0.0,0.0,205.78,113291800,0.0
483,2016-12-01,220.73,220.73,0.0,0.0,205.02,79040500,0.0
484,2016-12-02,219.67,220.25,0.0,0.0,205.12,74840300,0.0
485,2016-12-05,220.65,221.4,0.0,0.0,206.35,67837800,0.0
486,2016-12-06,221.22,221.74,0.0,0.0,207.01,59877400,0.0
487,2016-12-07,221.52,224.67,0.0,0.0,209.72,110738100,0.0
488,2016-12-08,224.57,225.7,0.0,0.0,210.23,99714400,0.0
489,2016-12-09,225.41,226.53,0.0,0.0,211.5,88005800,0.0
490,2016-12-12,226.4,226.96,0.0,0.0,211.26,102016100,0.0
491,2016-12-13,227.02,228.34,0.0,0.0,212.67,110477500,0.0
492,2016-12-14,227.41,228.23,0.0,0.0,210.91,142501800,0.0
493,2016-12-15,226.16,227.81,0.0,0.0,211.78,124972600,0.0
494,2016-12-16,226.01,226.08,0.0,0.0,211.36,156420200,0.0
495,2016-12-19,225.25,226.02,0.0,0.0,211.82,90341100,0.0
496,2016-12-20,226.15,226.57,0.0,0.0,212.64,89838800,0.0
497,2016-12-21,226.25,226.45,0.0,0.0,212.05,67909000,0.0
498,2016-12-22,225.6,225.74,0.0,0.0,211.68,56219100,0.0
499,2016-12-23,225.43,225.72,0.0,0.0,211.99,36697800,0.0
500,2016-12-27,226.02,226.73,0.0,0.0,212.52,42672500,0.0
501,2016-12-28,226.57,226.59,0.0,0.0,210.76,64095000,0.0
502,2016-12-29,224.48,224.89,0.0,0.0,210.72,48696100,0.0
503,2016-12-30,224.73,224.83,0.0,0.0,209.95,108998300,0.0
504,2017-01-03,225.04,225.83,0.0,0.0,211.55,91366500,0.0
505,2017-01-04,225.62,226.75,0.0,0.0,212.81,78744400,0.0
506,2017-01-05,226.27,226.58,0.0,0.0,212.64,78379000,0.0
507,2017-01-06,226.53,227.75,0.0,0.0,213.4,71559900,0.0
508,2017-01-09,226.91,227.07,0.0,0.0,212.7,46939700,0.0
509,2017-01-10,226.48,227.45,0.0,0.0,212.7,63771900,0.0
510,2017-01-11,226.36,227.1,0.0,0.0,213.3,74650000,0.0
511,2017-01-12,226.5,226.75,0.0,0.0,212.76,72113200,0.0
512,2017-01-13,226.73,227.4,0.0,0.0,213.25,62717900,0.0
513,2017-01-17,226.31,226.78,0.0,0.0,212.5,61240800,0.0
514,2017-01-18,226.54,226.8,0.0,0.0,212.97,54793300,0.0
515,2017-01-19,226.84,227.0,0.0,0.0,212.18,66608800,0.0
516,2017-01-20,226.7,227.31,0.0,0.0,212.96,129168600,0.0
517,2017-01-23,226.74,226.81,0.0,0.0,212.41,75061600,0.0
518,2017-01-24,226.4,228.08,0.0,0.0,213.77,95555300,0.0
519,2017-01-25,228.7,229.57,0.0,0.0,215.62,84437700,0.0
520,2017-01-26,229.4,229.71,0.0,0.0,215.39,59970700,0.0
521,2017-01-27,229.42,229.59,0.0,0.0,215.06,59711100,0.0
522,2017-01-30,228.17,228.2,0.0,0.0,213.72,79737300,0.0
523,2017-01-31,226.98,227.6,0.0,0.0,213.7,75880800,0.0
524,2017-02-01,227.53,228.59,0.0,0.0,213.79,79117700,0.0
525,2017-02-02,227.62,228.1,0.0,0.0,213.93,69657600,0.0
526,2017-02-03,228.82,229.55,0.0,0.0,215.4,80563200,0.0
527,2017-02-06,228.87,229.33,0.0,0.0,215.02,57790100,0.0
528,2017-02-07,229.38,229.66,0.0,0.0,215.03,57931200,0.0
529,2017-02-08,228.94,229.39,0.0,0.0,215.31,51566200,0.0
530,2017-02-09,229.24,230.95,0.0,0.0,216.59,65955200,0.0
531,2017-02-10,231.0,231.77,0.0,0.0,217.44,66015900,0.0
532,2017-02-13,232.08,233.07,0.0,0.0,218.62,55182100,0.0
533,2017-02-14,232.56,233.71,0.0,0.0,219.5,71109000,0.0
534,2017-02-15,233.45,235.14,0.0,0.0,220.64,86785800,0.0
535,2017-02-16,234.95,235.16,0.0,0.0,220.46,84722400,0.0
536,2017-02-17,233.95,235.09,0.0,0.0,220.8,77204100,0.0
537,2017-02-21,235.52,236.69,0.0,0.0,222.12,88946100,0.0
538,2017-02-22,236.02,236.54,0.0,0.0,221.92,62115200,0.0
539,2017-02-23,236.88,236.9,0.0,0.0,222.07,74615900,0.0
540,2017-02-24,235.46,236.79,0.0,0.0,222.35,82381600,0.0
541,2017-02-27,236.64,237.31,0.0,0.0,222.7,56515400,0.0
542,2017-02-28,236.67,236.95,0.0,0.0,222.1,96961900,0.0
543,2017-03-01,238.39,240.32,0.0,0.0,225.21,149158200,0.0
544,2017-03-02,239.56,239.57,0.0,0.0,223.79,70246000,0.0
545,2017-03-03,238.17,238.61,0.0,0.0,223.93,81974300,0.0
546,2017-03-06,237.5,238.12,0.0,0.0,223.26,55391500,0.0
547,2017-03-07,237.36,237.77,0.0,0.0,222.6,65103700,0.0
548,2017-03-08,237.34,237.64,0.0,0.0,222.18,78168800,0.0
549,2017-03-09,236.7,237.24,0.0,0.0,222.47,90683900,0.0
550,2017-03-10,237.97,238.02,0.0,0.0,223.25,81991700,0.0
551,2017-03-13,237.62,237.86,0.0,0.0,223.36,57256800,0.0
552,2017-03-14,237.18,237.24,0.0,0.0,222.5,59880800,0.0
553,2017-03-15,237.56,239.44,0.0,0.0,224.43,96081800,0.0
554,2017-03-16,239.11,239.2,0.0,0.0,223.99,78344000,0.0
555,2017-03-17,237.75,237.97,0.0,0.0,223.59,89002100,0.0
556,2017-03-20,237.03,237.36,0.0,0.0,223.35,52537000,0.0
557,2017-03-21,237.47,237.61,0.0,0.0,220.48,131809300,0.0
558,2017-03-22,233.77,234.61,0.0,0.0,221.0,97569200,0.0
559,2017-03-23,234.28,235.34,0.0,0.0,220.76,100410300,0.0
560,2017-03-24,234.38,235.04,0.0,0.0,220.6,112504900,0.0
561,2017-03-27,231.93,233.92,0.0,0.0,220.38,87454500,0.0
562,2017-03-28,233.27,235.81,0.0,0.0,221.98,93483900,0.0
563,2017-03-29,234.99,235.81,0.0,0.0,222.19,61950400,0.0
564,2017-03-30,235.47,236.52,0.0,0.0,222.9,56737900,0.0
565,2017-03-31,235.9,236.51,0.0,0.0,222.38,73733100,0.0
566,2017-04-03,235.8,236.03,0.0,0.0,221.99,85546500,0.0
567,2017-04-04,235.0,235.58,0.0,0.0,222.13,56466200,0.0
568,2017-04-05,236.26,237.39,0.0,0.0,221.47,108800600,0.0
569,2017-04-06,234.94,236.04,0.0,0.0,222.09,69135800,0.0
570,2017-04-07,235.15,236.0,0.0,0.0,221.87,74412300,0.0
571,2017-04-10,235.36,236.26,0.0,0.0,222.0,67615300,0.0
572,2017-04-11,234.9,235.18,0.0,0.0,221.74,88045300,0.0
573,2017-04-12,234.74,234.96,0.0,0.0,220.76,81864400,0.0
574,2017-04-13,233.64,234.49,0.0,0.0,219.33,92880400,0.0
575,2017-04-17,233.11,234.57,0.0,0.0,221.27,68405400,0.0
576,2017-04-18,233.72,234.49,0.0,0.0,220.61,83225800,0.0
577,2017-04-19,234.52,234.95,0.0,0.0,220.21,68699900,0.0
578,2017-04-20,234.15,235.85,0.0,0.0,222.0,92572200,0.0
579,2017-04-21,235.25,235.31,0.0,0.0,221.29,110389800,0.0
580,2017-04-24,237.18,237.41,0.0,0.0,223.73,119209900,0.0
581,2017-04-25,237.91,238.95,0.0,0.0,225.03,76698300,0.0
582,2017-04-26,238.51,239.53,0.0,0.0,224.89,84702500,0.0
583,2017-04-27,238.77,238.95,0.0,0.0,225.08,57410300,0.0
584,2017-04-28,238.9,238.93,0.0,0.0,224.59,63532800,0.0
585,2017-05-01,238.68,239.17,0.0,0.0,225.15,66882500,0.0
586,2017-05-02,238.84,238.98,0.0,0.0,225.24,57375700,0.0
587,2017-05-03,238.77,238.88,0.0,0.0,224.96,73137700,0.0
588,2017-05-04,238.83,238.92,0.0,0.0,225.23,61462700,0.0
589,2017-05-05,239.19,239.72,0.0,0.0,226.11,62001300,0.0
590,2017-05-08,239.75,239.92,0.0,0.0,226.08,48385700,0.0
591,2017-05-09,239.96,240.19,0.0,0.0,225.87,51363200,0.0
592,2017-05-10,239.39,239.87,0.0,0.0,226.27,54293800,0.0
593,2017-05-11,239.35,239.57,0.0,0.0,225.81,62358300,0.0
594,2017-05-12,239.09,239.43,0.0,0.0,225.43,53912700,0.0
595,2017-05-15,239.47,240.44,0.0,0.0,226.68,61918900,0.0
596,2017-05-16,240.64,240.67,0.0,0.0,226.47,51241800,0.0
597,2017-05-17,240.08,240.08,0.0,0.0,222.45,172174100,0.0
598,2017-05-18,235.73,237.75,0.0,0.0,223.35,107047700,0.0
599,2017-05-19,237.33,239.08,0.0,0.0,224.8,115011400,0.0
600,2017-05-22,238.9,239.71,0.0,0.0,225.94,61010600,0.0
601,2017-05-23,239.95,240.24,0.0,0.0,226.44,48341700,0.0
602,2017-05-24,240.32,240.73,0.0,0.0,226.97,46927700,0.0
603,2017-05-25,241.2,242.08,0.0,0.0,228.06,64071700,0.0
604,2017-05-26,241.54,241.9,0.0,0.0,228.01,46629900,0.0
605,2017-05-30,241.34,241.79,0.0,0.0,227.81,35201900,0.0
606,2017-05-31,241.84,241.88,0.0,0.0,227.75,91796000,0.0
607,2017-06-01,241.97,243.38,0.0,0.0,229.57,68962000,0.0
608,2017-06-02,243.42,244.35,0.0,0.0,230.33,88666100,0.0
609,2017-06-05,243.97,244.3,0.0,0.0,230.16,44698800,0.0
610,2017-06-06,243.34,243.98,0.0,0.0,229.42,50375400,0.0
611,2017-06-07,243.6,243.92,0.0,0.0,229.85,54144300,0.0
612,2017-06-08,243.77,244.33,0.0,0.0,229.96,65950700,0.0
613,2017-06-09,244.09,245.01,0.0,0.0,229.61,132256400,0.0
614,2017-06-12,243.13,243.42,0.0,0.0,229.57,86108100,0.0
615,2017-06-13,243.98,244.61,0.0,0.0,230.69,60067000,0.0
616,2017-06-14,244.86,244.87,0.0,0.0,230.4,78602300,0.0
617,2017-06-15,242.68,243.91,0.0,0.0,229.95,66464900,0.0
618,2017-06-16,242.77,242.83,0.0,0.0,230.0,84553100,0.0
619,2017-06-19,243.59,244.73,0.0,0.0,231.92,65123800,0.0
620,2017-06-20,244.25,244.26,0.0,0.0,230.35,56906400,0.0
621,2017-06-21,243.46,243.59,0.0,0.0,230.3,55977600,0.0
622,2017-06-22,242.96,243.53,0.0,0.0,230.19,44148100,0.0
623,2017-06-23,242.91,243.51,0.0,0.0,230.47,66986800,0.0
624,2017-06-26,243.9,244.38,0.0,0.0,230.62,56700500,0.0
625,2017-06-27,243.04,243.38,0.0,0.0,228.76,82247700,0.0
626,2017-06-28,242.5,243.72,0.0,0.0,230.81,70042600,0.0
627,2017-06-29,243.66,243.72,0.0,0.0,228.78,106949700,0.0
628,2017-06-30,242.28,242.71,0.0,0.0,229.21,86820700,0.0
629,2017-07-03,242.88,243.38,0.0,0.0,229.6,39153800,0.0
630,2017-07-05,242.63,243.01,0.0,0.0,230.13,54427600,0.0
631,2017-07-06,241.89,242.03,0.0,0.0,228.02,65400800,0.0
632,2017-07-07,241.21,242.28,0.0,0.0,229.5,57972300,0.0
633,2017-07-10,242.11,242.8,0.0,0.0,229.75,36663300,0.0
634,2017-07-11,242.37,242.55,0.0,0.0,229.58,50354600,0.0
635,2017-07-12,243.3,244.2,0.0,0.0,231.3,59610400,0.0
636,2017-07-13,244.02,244.55,0.0,0.0,231.69,39471600,0.0
637,2017-07-14,244.42,245.97,0.0,0.0,232.77,60262700,0.0
638,2017-07-17,245.47,245.91,0.0,0.0,232.74,33531900,0.0
639,2017-07-18,245.06,245.72,0.0,0.0,232.87,42742500,0.0
640,2017-07-19,246.02,247.0,0.0,0.0,234.13,51034300,0.0
641,2017-07-20,247.28,247.42,0.0,0.0,234.23,47135200,0.0
642,2017-07-21,246.44,246.91,0.0,0.0,234.02,82340800,0.0
643,2017-07-24,246.79,246.98,0.0,0.0,233.97,46622300,0.0
644,2017-07-25,247.68,247.8,0.0,0.0,234.53,54915600,0.0
645,2017-07-26,247.75,247.79,0.0,0.0,234.54,47575400,0.0
646,2017-07-27,247.96,248.0,0.0,0.0,234.33,70766600,0.0
647,2017-07-28,246.65,247.06,0.0,0.0,234.05,50088400,0.0
648,2017-07-31,247.37,247.48,0.0,0.0,233.92,65838700,0.0
649,2017-08-01,247.46,247.5,0.0,0.0,234.44,55050400,0.0
650,2017-08-02,247.47,247.6,0.0,0.0,234.55,47211200,0.0
651,2017-08-03,247.31,247.34,0.0,0.0,234.1,40856000,0.0
652,2017-08-04,247.52,247.79,0.0,0.0,234.52,60191800,0.0
653,2017-08-07,247.49,247.87,0.0,0.0,234.96,31995000,0.0
654,2017-08-08,247.51,248.91,0.0,0.0,234.38,61719400,0.0
655,2017-08-09,246.47,247.31,0.0,0.0,234.37,62632600,0.0
656,2017-08-10,246.29,246.44,0.0,0.0,231.06,120479500,0.0
657,2017-08-11,244.02,244.8,0.0,0.0,231.41,74869900,0.0
658,2017-08-14,245.59,246.79,0.0,0.0,233.7,73291900,0.0
659,2017-08-15,246.98,247.0,0.0,0.0,233.67,55242700,0.0
660,2017-08-16,247.11,247.57,0.0,0.0,234.08,56715500,0.0
661,2017-08-17,246.24,246.6,0.0,0.0,230.43,128490400,0.0
662,2017-08-18,242.9,244.19,0.0,0.0,230.07,136748000,0.0
663,2017-08-21,242.64,243.2,0.0,0.0,230.25,65469700,0.0
664,2017-08-22,243.57,245.62,0.0,0.0,232.66,63140100,0.0
665,2017-08-23,244.33,245.05,0.0,0.0,231.82,50203800,0.0
666,2017-08-24,245.0,245.18,0.0,0.0,231.28,50741700,0.0
667,2017-08-25,244.9,245.61,0.0,0.0,231.82,64445900,0.0
668,2017-08-28,245.17,245.2,0.0,0.0,231.83,40565600,0.0
669,2017-08-29,243.06,245.15,0.0,0.0,232.1,51135700,0.0
670,2017-08-30,244.83,246.32,0.0,0.0,233.2,62030800,0.0
671,2017-08-31,246.72,247.77,0.0,0.0,234.6,103803900,0.0
672,2017-09-01,247.92,248.33,0.0,0.0,234.93,62007000,0.0
673,2017-09-05,247.26,247.52,0.0,0.0,233.24,91398800,0.0
674,2017-09-06,246.84,247.28,0.0,0.0,234.04,57916900,0.0
675,2017-09-07,247.25,247.27,0.0,0.0,234.01,58034700,0.0
676,2017-09-08,246.54,247.11,0.0,0.0,233.74,63832800,0.0
677,2017-09-11,248.04,249.3,0.0,0.0,236.23,71364800,0.0
678,2017-09-12,249.63,250.09,0.0,0.0,237.03,56896000,0.0
679,2017-09-13,249.72,250.21,0.0,0.0,237.14,59228000,0.0
680,2017-09-14,249.8,250.32,0.0,0.0,237.06,95446300,0.0
681,2017-09-15,248.69,249.29,0.0,0.0,237.38,95432400,0.0
682,2017-09-18,249.61,250.12,0.0,0.0,237.89,46235200,0.0
683,2017-09-19,250.0,250.07,0.0,0.0,238.13,47108100,0.0
684,2017-09-20,250.07,250.19,0.0,0.0,238.21,59574100,0.0
685,2017-09-21,249.88,249.98,0.0,0.0,237.57,48211400,0.0
686,2017-09-22,249.05,249.63,0.0,0.0,237.62,51214000,0.0
687,2017-09-25,249.15,249.55,0.0,0.0,237.14,57064400,0.0
688,2017-09-26,249.42,249.7,0.0,0.0,237.28,54082000,0.0
689,2017-09-27,249.88,250.49,0.0,0.0,238.2,81001400,0.0
690,2017-09-28,249.73,250.44,0.0,0.0,238.49,44778800,0.0
691,2017-09-29,250.34,251.32,0.0,0.0,239.33,85578000,0.0
692,2017-10-02,251.49,252.32,0.0,0.0,240.37,59023000,0.0
693,2017-10-03,252.32,252.89,0.0,0.0,240.88,66810200,0.0
694,2017-10-04,252.69,253.44,0.0,0.0,241.17,55953600,0.0
695,2017-10-05,253.54,254.68,0.0,0.0,242.59,63522800,0.0
696,2017-10-06,254.15,254.7,0.0,0.0,242.32,80646000,0.0
697,2017-10-09,254.63,254.7,0.0,0.0,241.92,35803100,0.0
698,2017-10-10,254.6,255.05,0.0,0.0,242.56,43057400,0.0
699,2017-10-11,254.51,255.02,0.0,0.0,242.94,47674300,0.0
700,2017-10-12,254.66,255.06,0.0,0.0,242.58,47065100,0.0
701,2017-10-13,255.14,255.27,0.0,0.0,242.87,54800400,0.0
702,2017-10-16,255.21,255.51,0.0,0.0,243.19,38221700,0.0
703,2017-10-17,255.23,255.52,0.0,0.0,243.37,31561000,0.0
704,2017-10-18,255.9,255.95,0.0,0.0,243.6,40888300,0.0
705,2017-10-19,254.83,255.83,0.0,0.0,243.67,61903800,0.0
706,2017-10-20,256.7,257.14,0.0,0.0,244.93,89176400,0.0
707,2017-10-23,257.48,257.51,0.0,0.0,243.98,63915300,0.0
708,2017-10-24,256.6,256.83,0.0,0.0,244.4,66935900,0.0
709,2017-10-25,256.18,256.31,0.0,0.0,243.19,103715300,0.0
710,2017-10-26,255.99,256.3,0.0,0.0,243.51,69798000,0.0
711,2017-10-27,256.47,257.89,0.0,0.0,245.5,85562500,0.0
712,2017-10-30,256.47,257.6,0.0,0.0,244.59,54285700,0.0
713,2017-10-31,257.18,257.44,0.0,0.0,244.97,60304800,0.0
714,2017-11-01,258.04,258.43,0.0,0.0,245.29,54202700,0.0
715,2017-11-02,257.41,257.75,0.0,0.0,245.39,56449500,0.0
716,2017-11-03,257.77,258.5,0.0,0.0,246.21,59589700,0.0
717,2017-11-06,258.3,259.0,0.0,0.0,246.59,49652600,0.0
718,2017-11-07,258.97,259.35,0.0,0.0,246.41,57502200,0.0
719,2017-11-08,258.47,259.22,0.0,0.0,246.83,50469600,0.0
720,2017-11-09,257.73,258.39,0.0,0.0,245.94,95085500,0.0
721,2017-11-10,257.73,258.29,0.0,0.0,245.86,59984700,0.0
722,2017-11-13,257.31,258.59,0.0,0.0,246.09,50228600,0.0
723,2017-11-14,257.41,257.85,0.0,0.0,245.52,61315200,0.0
724,2017-11-15,256.62,257.22,0.0,0.0,244.29,80811500,0.0
725,2017-11-16,257.52,259.04,0.0,0.0,246.37,67777000,0.0
726,2017-11-17,258.22,258.59,0.0,0.0,245.64,75756800,0.0
727,2017-11-20,258.14,258.52,0.0,0.0,246.06,48075500,0.0
728,2017-11-21,259.18,260.2,0.0,0.0,247.67,69176800,0.0
729,2017-11-22,260.0,260.15,0.0,0.0,247.45,45033400,0.0
730,2017-11-24,260.32,260.48,0.0,0.0,248.02,27856500,0.0
731,2017-11-27,260.41,260.75,0.0,0.0,247.9,52274900,0.0
732,2017-11-28,260.76,262.9,0.0,0.0,250.42,98971700,0.0
733,2017-11-29,263.02,263.63,0.0,0.0,250.26,77512100,0.0
734,2017-11-30,263.76,266.05,0.0,0.0,252.45,127894400,0.0
735,2017-12-01,264.76,265.31,0.0,0.0,251.93,164390900,0.0
736,2017-12-04,266.31,266.8,0.0,0.0,251.63,94040600,0.0
737,2017-12-05,263.19,265.15,0.0,0.0,250.72,77994500,0.0
738,2017-12-06,263.3,263.73,0.0,0.0,250.77,75898600,0.0
739,2017-12-07,264.07,264.43,0.0,0.0,251.56,77218600,0.0
740,2017-12-08,265.16,265.52,0.0,0.0,252.93,76563900,0.0
741,2017-12-11,266.31,266.38,0.0,0.0,253.69,83077500,0.0
742,2017-12-12,267.21,267.32,0.0,0.0,254.14,85195800,0.0
743,2017-12-13,267.06,267.56,0.0,0.0,254.11,102905400,0.0
744,2017-12-14,267.09,267.22,0.0,0.0,253.07,100666700,0.0
745,2017-12-15,265.45,267.04,0.0,0.0,255.18,144610300,0.0
746,2017-12-18,268.1,268.6,0.0,0.0,256.8,83653600,0.0
747,2017-12-19,268.48,268.53,0.0,0.0,255.81,82382900,0.0
748,2017-12-20,268.27,268.33,0.0,0.0,255.68,76751500,0.0
749,2017-12-21,267.74,268.39,0.0,0.0,256.21,67032300,0.0
750,2017-12-22,267.6,267.64,0.0,0.0,256.14,78720900,0.0
751,2017-12-26,267.05,267.44,0.0,0.0,255.83,45244400,0.0
752,2017-12-27,267.38,267.73,0.0,0.0,255.96,57751000,0.0
753,2017-12-28,267.89,267.92,0.0,0.0,256.48,45116100,0.0
754,2017-12-29,268.53,268.55,0.0,0.0,255.52,96007400,0.0
755,2018-01-02,267.84,268.81,0.0,0.0,257.35,86655700,0.0
756,2018-01-03,268.96,270.64,0.0,0.0,258.97,90070400,0.0
757,2018-01-04,271.2,272.16,0.0,0.0,260.06,80636400,0.0
758,2018-01-05,272.51,273.56,0.0,0.0,261.8,83524000,0.0
759,2018-01-08,273.31,274.1,0.0,0.0,262.28,57319200,0.0
760,2018-01-09,274.4,275.25,0.0,0.0,262.87,57254000,0.0
761,2018-01-10,273.68,274.42,0.0,0.0,262.47,69574300,0.0
762,2018-01-11,274.75,276.12,0.0,0.0,264.38,62361500,0.0
763,2018-01-12,276.42,278.11,0.0,0.0,266.11,90816100,0.0
764,2018-01-16,279.35,280.09,0.0,0.0,265.2,106555100,0.0
765,2018-01-17,278.03,280.05,0.0,0.0,267.72,113258800,0.0
766,2018-01-18,279.48,279.96,0.0,0.0,267.27,100728000,0.0
767,2018-01-19,279.8,280.41,0.0,0.0,268.49,140920100,0.0
768,2018-01-22,280.17,282.69,0.0,0.0,270.67,91322400,0.0
769,2018-01-23,282.74,283.62,0.0,0.0,271.25,97084700,0.0
770,2018-01-24,284.02,284.7,0.0,0.0,271.14,134816100,0.0
771,2018-01-25,284.16,284.27,0.0,0.0,271.26,84587300,0.0
772,2018-01-26,284.25,286.63,0.0,0.0,274.4,107743100,0.0
773,2018-01-29,285.93,286.43,0.0,0.0,272.58,90118300,0.0
774,2018-01-30,282.6,284.74,0.0,0.0,269.78,131796400,0.0
775,2018-01-31,282.73,283.3,0.0,0.0,269.92,108364800,0.0
776,2018-02-01,281.07,283.06,0.0,0.0,269.61,90102500,0.0
777,2018-02-02,280.08,280.23,0.0,0.0,263.74,173174800,0.0
778,2018-02-05,273.45,275.85,0.0,0.0,252.71,294681800,0.0
779,2018-02-06,259.94,269.7,0.0,0.0,257.69,355026800,0.0
780,2018-02-07,268.5,272.36,0.0,0.0,256.29,167376100,0.0
781,2018-02-08,268.01,268.17,0.0,0.0,246.68,246449500,0.0
782,2018-02-09,260.8,263.61,0.0,0.0,250.38,283565300,0.0
783,2018-02-12,263.83,267.01,0.0,0.0,254.06,143736000,0.0
784,2018-02-13,263.97,266.62,0.0,0.0,254.69,81223600,0.0
785,2018-02-14,264.31,270.0,0.0,0.0,258.13,120735700,0.0
786,2018-02-15,271.57,273.04,0.0,0.0,261.42,111200300,0.0
787,2018-02-16,272.32,275.32,0.0,0.0,261.5,160420100,0.0
788,2018-02-20,272.03,273.67,0.0,0.0,259.86,86369700,0.0
789,2018-02-21,271.9,274.72,0.0,0.0,258.57,98883700,0.0
790,2018-02-22,271.1,273.05,0.0,0.0,258.91,110511300,0.0
791,2018-02-23,271.79,274.71,0.0,0.0,263.03,92766400,0.0
792,2018-02-26,275.93,278.01,0.0,0.0,266.09,86491400,0.0
793,2018-02-27,278.11,278.92,0.0,0.0,262.76,99099200,0.0
794,2018-02-28,275.68,276.19,0.0,0.0,260.1,121907800,0.0
795,2018-03-01,271.41,273.17,0.0,0.0,256.32,176855100,0.0
796,2018-03-02,265.8,269.72,0.0,0.0,257.64,139083200,0.0
797,2018-03-05,267.73,272.89,0.0,0.0,260.62,97307400,0.0
798,2018-03-06,273.3,273.39,0.0,0.0,261.28,79213200,0.0
799,2018-03-07,270.42,273.18,0.0,0.0,261.18,87063500,0.0
800,2018-03-08,273.55,274.24,0.0,0.0,262.45,66901200,0.0
801,2018-03-09,275.7,278.87,0.0,0.0,267.02,113625300,0.0
802,2018-03-12,279.2,279.91,0.0,0.0,266.68,71924800,0.0
803,2018-03-13,279.84,280.41,0.0,0.0,264.96,91968900,0.0
804,2018-03-14,277.81,278.02,0.0,0.0,263.6,105895100,0.0
805,2018-03-15,275.88,276.61,0.0,0.0,263.31,83433000,0.0
806,2018-03-16,274.5,275.39,0.0,0.0,263.6,100343700,0.0
807,2018-03-19,273.35,274.4,0.0,0.0,260.03,109208400,0.0
808,2018-03-20,270.94,271.67,0.0,0.0,260.47,59757300,0.0
809,2018-03-21,270.9,273.27,0.0,0.0,259.97,78709600,0.0
810,2018-03-22,267.91,268.87,0.0,0.0,253.47,148785900,0.0
811,2018-03-23,264.17,264.54,0.0,0.0,248.07,183534800,0.0
812,2018-03-26,262.13,265.43,0.0,0.0,254.86,141956100,0.0
813,2018-03-27,266.17,266.77,0.0,0.0,250.52,129941400,0.0
814,2018-03-28,260.75,262.64,0.0,0.0,249.78,146452300,0.0
815,2018-03-29,261.12,265.26,0.0,0.0,252.97,111601600,0.0
816,2018-04-02,262.55,263.13,0.0,0.0,247.51,186286300,0.0
817,2018-04-03,258.87,261.31,0.0,0.0,250.69,119956900,0.0
818,2018-04-04,256.75,264.36,0.0,0.0,253.37,123715300,0.0
819,2018-04-05,265.55,266.64,0.0,0.0,255.37,82652600,0.0
820,2018-04-06,263.42,265.11,0.0,0.0,249.68,179521200,0.0
821,2018-04-09,261.37,264.84,0.0,0.0,250.91,105442900,0.0
822,2018-04-10,264.27,266.04,0.0,0.0,254.9,103529000,0.0
823,2018-04-11,263.47,265.64,0.0,0.0,253.56,91140200,0.0
824,2018-04-12,265.26,267.0,0.0,0.0,255.65,68890500,0.0
825,2018-04-13,267.41,267.54,0.0,0.0,254.9,85079200,0.0
826,2018-04-16,267.0,268.2,0.0,0.0,256.99,63405300,0.0
827,2018-04-17,269.33,270.87,0.0,0.0,259.74,64682000,0.0
828,2018-04-18,270.69,271.3,0.0,0.0,259.93,57303900,0.0
829,2018-04-19,269.65,269.88,0.0,0.0,258.49,77655900,0.0
830,2018-04-20,268.81,269.06,0.0,0.0,256.3,99953100,0.0
831,2018-04-23,267.26,267.89,0.0,0.0,256.26,65558000,0.0
832,2018-04-24,267.73,267.98,0.0,0.0,252.81,112885500,0.0
833,2018-04-25,262.91,264.13,0.0,0.0,253.43,103840900,0.0
834,2018-04-26,264.79,267.25,0.0,0.0,256.01,67731900,0.0
835,2018-04-27,267.0,267.34,0.0,0.0,256.25,57053600,0.0
836,2018-04-30,267.26,267.89,0.0,0.0,254.28,82182300,0.0
837,2018-05-01,263.87,265.1,0.0,0.0,254.73,74203400,0.0
838,2018-05-02,264.76,265.68,0.0,0.0,253.02,86368900,0.0
839,2018-05-03,262.26,263.36,0.0,0.0,252.46,136311500,0.0
840,2018-05-04,261.52,266.79,0.0,0.0,255.73,91222100,0.0
841,2018-05-07,266.89,268.02,0.0,0.0,256.6,55304900,0.0
842,2018-05-08,266.5,267.33,0.0,0.0,256.6,67499200,0.0
843,2018-05-09,267.68,269.87,0.0,0.0,259.08,59666100,0.0
844,2018-05-10,270.34,272.39,0.0,0.0,261.5,72063900,0.0
845,2018-05-11,272.16,273.15,0.0,0.0,262.3,59871500,0.0
846,2018-05-14,273.34,274.08,0.0,0.0,262.42,54790600,0.0
847,2018-05-15,271.59,271.61,0.0,0.0,260.62,87036100,0.0
848,2018-05-16,271.14,272.76,0.0,0.0,261.71,53942600,0.0
849,2018-05-17,271.94,273.23,0.0,0.0,261.49,56536400,0.0
850,2018-05-18,271.62,272.03,0.0,0.0,260.84,64368000,0.0
851,2018-05-21,273.01,273.98,0.0,0.0,262.8,58025900,0.0
852,2018-05-22,273.96,274.25,0.0,0.0,262.07,52966400,0.0
853,2018-05-23,271.17,273.39,0.0,0.0,262.79,64694200,0.0
854,2018-05-24,272.91,273.22,0.0,0.0,262.25,76043800,0.0
855,2018-05-25,272.15,272.86,0.0,0.0,261.62,56374800,0.0
856,2018-05-29,270.31,271.17,0.0,0.0,258.62,115908600,0.0
857,2018-05-30,270.5,273.11,0.0,0.0,262.07,69678400,0.0
858,2018-05-31,272.15,272.49,0.0,0.0,260.46,93519900,0.0
859,2018-06-01,272.41,273.94,0.0,0.0,263.02,71258400,0.0
860,2018-06-04,274.53,275.19,0.0,0.0,264.27,45385200,0.0
861,2018-06-05,275.05,275.53,0.0,0.0,264.46,51135000,0.0
862,2018-06-06,275.79,277.52,0.0,0.0,266.67,62732200,0.0
863,2018-06-07,277.95,278.28,0.0,0.0,266.64,72969400,0.0
864,2018-06-08,276.85,278.25,0.0,0.0,267.43,72139700,0.0
865,2018-06-11,278.44,279.37,0.0,0.0,267.79,58892500,0.0
866,2018-06-12,279.03,279.33,0.0,0.0,268.13,72329000,0.0
867,2018-06-13,279.19,279.48,0.0,0.0,267.28,79070600,0.0
868,2018-06-14,279.01,279.33,0.0,0.0,267.95,77097600,0.0
869,2018-06-15,276.6,277.51,0.0,0.0,267.61,120041600,0.0
870,2018-06-18,275.49,276.7,0.0,0.0,267.06,52917600,0.0
871,2018-06-19,274.0,275.75,0.0,0.0,266.03,97531500,0.0
872,2018-06-20,276.27,276.72,0.0,0.0,266.49,53785500,0.0
873,2018-06-21,275.96,275.98,0.0,0.0,264.82,71061400,0.0
874,2018-06-22,275.66,275.79,0.0,0.0,265.3,54898500,0.0
875,2018-06-25,273.44,273.62,0.0,0.0,261.69,137854200,0.0
876,2018-06-26,271.64,272.56,0.0,0.0,262.27,68547400,0.0
877,2018-06-27,272.26,273.87,0.0,0.0,260.1,105110700,0.0
878,2018-06-28,269.29,271.75,0.0,0.0,261.58,76650500,0.0
879,2018-06-29,272.12,273.66,0.0,0.0,261.96,97592500,0.0
880,2018-07-02,269.51,272.04,0.0,0.0,262.52,63554800,0.0
881,2018-07-03,272.87,272.98,0.0,0.0,261.59,42187100,0.0
882,2018-07-05,272.17,273.18,0.0,0.0,263.73,56925900,0.0
883,2018-07-06,273.14,275.84,0.0,0.0,265.96,66493700,0.0
884,2018-07-09,276.55,277.96,0.0,0.0,268.35,50550400,0.0
885,2018-07-10,278.41,279.01,0.0,0.0,269.32,51966800,0.0
886,2018-07-11,277.15,278.04,0.0,0.0,267.35,77054700,0.0
887,2018-07-12,278.28,279.43,0.0,0.0,269.77,60124700,0.0
888,2018-07-13,279.17,279.93,0.0,0.0,269.98,48216000,0.0
889,2018-07-16,279.64,279.8,0.0,0.0,269.74,48201000,0.0
890,2018-07-17,278.47,280.91,0.0,0.0,270.83,52315500,0.0
891,2018-07-18,280.56,281.18,0.0,0.0,271.4,44593500,0.0
892,2018-07-19,280.31,280.74,0.0,0.0,270.38,61412100,0.0
893,2018-07-20,279.77,280.48,0.0,0.0,270.07,82337700,0.0
894,2018-07-23,279.45,280.43,0.0,0.0,270.57,47047600,0.0
895,2018-07-24,281.79,282.56,0.0,0.0,271.93,68026900,0.0
896,2018-07-25,281.33,284.37,0.0,0.0,274.25,78882900,0.0
897,2018-07-26,283.2,284.11,0.0,0.0,273.61,57919500,0.0
898,2018-07-27,283.71,283.82,0.0,0.0,271.75,76768700,0.0
899,2018-07-30,281.51,281.69,0.0,0.0,270.33,63742500,0.0
900,2018-07-31,280.81,282.02,0.0,0.0,271.66,68570500,0.0
901,2018-08-01,281.56,282.13,0.0,0.0,271.21,53853300,0.0
902,2018-08-02,279.39,282.58,0.0,0.0,272.69,63426400,0.0
903,2018-08-03,282.53,283.66,0.0,0.0,273.86,53935400,0.0
904,2018-08-06,283.64,284.99,0.0,0.0,274.86,39400900,0.0
905,2018-08-07,285.39,286.01,0.0,0.0,275.77,43196600,0.0
906,2018-08-08,285.39,285.91,0.0,0.0,275.65,42114600,0.0
907,2018-08-09,285.53,285.97,0.0,0.0,275.28,35717000,0.0
908,2018-08-10,283.45,284.06,0.0,0.0,273.43,77076000,0.0
909,2018-08-13,283.47,284.16,0.0,0.0,272.41,65732900,0.0
910,2018-08-14,282.92,284.17,0.0,0.0,274.15,43842000,0.0
911,2018-08-15,282.38,282.54,0.0,0.0,272.1,102925400,0.0
912,2018-08-16,283.4,285.04,0.0,0.0,274.3,69967900,0.0
913,2018-08-17,283.83,285.56,0.0,0.0,275.27,65618500,0.0
914,2018-08-20,285.57,285.97,0.0,0.0,275.86,39807500,0.0
915,2018-08-21,286.25,287.31,0.0,0.0,276.5,67272000,0.0
916,2018-08-22,285.88,286.76,0.0,0.0,276.34,44993300,0.0
917,2018-08-23,285.97,286.94,0.0,0.0,275.97,49204900,0.0
918,2018-08-24,286.44,287.67,0.0,0.0,277.63,57487400,0.0
919,2018-08-27,288.86,289.9,0.0,0.0,279.82,57072400,0.0
920,2018-08-28,290.3,290.42,0.0,0.0,279.96,46943500,0.0
921,2018-08-29,290.16,291.74,0.0,0.0,281.47,61485500,0.0
922,2018-08-30,290.94,291.36,0.0,0.0,280.33,61229500,0.0
923,2018-08-31,289.84,290.81,0.0,0.0,280.34,66140800,0.0
924,2018-09-04,289.84,290.21,0.0,0.0,279.85,57594400,0.0
925,2018-09-05,289.41,289.64,0.0,0.0,279.1,72452400,0.0
926,2018-09-06,289.15,289.49,0.0,0.0,278.26,65909900,0.0
927,2018-09-07,286.98,288.7,0.0,0.0,277.72,73524800,0.0
928,2018-09-10,288.74,289.04,0.0,0.0,278.2,50210900,0.0
929,2018-09-11,287.37,289.55,0.0,0.0,279.12,50530500,0.0
930,2018-09-12,289.06,289.8,0.0,0.0,279.19,59810800,0.0
931,2018-09-13,290.32,291.04,0.0,0.0,280.84,51034200,0.0
932,2018-09-14,291.06,291.27,0.0,0.0,280.89,55079900,0.0
933,2018-09-17,290.82,290.86,0.0,0.0,279.4,68244000,0.0
934,2018-09-18,289.58,291.58,0.0,0.0,280.92,61930400,0.0
935,2018-09-19,290.97,291.69,0.0,0.0,281.21,49080600,0.0
936,2018-09-20,292.64,293.94,0.0,0.0,283.49,100360600,0.0
937,2018-09-21,293.09,293.22,0.0,0.0,283.23,105479700,0.0
938,2018-09-24,291.34,291.5,0.0,0.0,282.29,53409600,0.0
939,2018-09-25,291.53,291.65,0.0,0.0,282.03,44370000,0.0
940,2018-09-26,290.91,292.24,0.0,0.0,281.19,79739700,0.0
941,2018-09-27,290.41,291.91,0.0,0.0,281.97,59249500,0.0
942,2018-09-28,289.99,291.28,0.0,0.0,282.0,70091400,0.0
943,2018-10-01,292.11,292.93,0.0,0.0,282.98,62078900,0.0
944,2018-10-02,291.56,292.36,0.0,0.0,282.82,47258200,0.0
945,2018-10-03,292.74,293.21,0.0,0.0,282.97,64694600,0.0
946,2018-10-04,291.18,291.24,0.0,0.0,280.76,111545900,0.0
947,2018-10-05,289.69,290.27,0.0,0.0,279.19,105951700,0.0
948,2018-10-08,287.05,288.22,0.0,0.0,279.19,87742200,0.0
949,2018-10-09,287.39,288.86,0.0,0.0,278.78,74339000,0.0
950,2018-10-10,286.83,286.91,0.0,0.0,269.95,214731000,0.0
951,2018-10-11,277.08,278.9,0.0,0.0,264.01,274840500,0.0
952,2018-10-12,276.77,277.09,0.0,0.0,267.68,183186500,0.0
953,2018-10-15,275.55,277.04,0.0,0.0,266.17,102263700,0.0
954,2018-10-16,276.6,280.82,0.0,0.0,271.99,118255800,0.0
955,2018-10-17,280.44,281.15,0.0,0.0,272.04,110626000,0.0
956,2018-10-18,279.4,280.07,0.0,0.0,268.11,134557500,0.0
957,2018-10-19,277.13,279.3,0.0,0.0,267.97,139901600,0.0
958,2018-10-22,277.0,277.36,0.0,0.0,266.76,82415800,0.0
959,2018-10-23,270.95,274.87,0.0,0.0,265.41,146352700,0.0
960,2018-10-24,273.33,273.76,0.0,0.0,257.36,177806700,0.0
961,2018-10-25,267.38,271.81,0.0,0.0,261.98,138061500,0.0
962,2018-10-26,265.92,271.0,0.0,0.0,257.37,201574600,0.0
963,2018-10-29,268.8,270.25,0.0,0.0,255.95,160749100,0.0
964,2018-10-30,263.67,268.12,0.0,0.0,259.74,157116000,0.0
965,2018-10-31,270.65,273.23,0.0,0.0,262.51,128296300,0.0
966,2018-11-01,271.6,273.73,0.0,0.0,265.31,99495000,0.0
967,2018-11-02,274.75,275.23,0.0,0.0,263.74,122634100,0.0
968,2018-11-05,272.44,274.01,0.0,0.0,265.19,65622500,0.0
969,2018-11-06,273.32,275.3,0.0,0.0,266.87,60085900,0.0
970,2018-11-07,277.56,281.1,0.0,0.0,272.58,102752100,0.0
971,2018-11-08,280.11,281.22,0.0,0.0,272.09,65584900,0.0
972,2018-11-09,279.03,279.24,0.0,0.0,269.43,98812600,0.0
973,2018-11-12,277.19,277.46,0.0,0.0,264.4,99673600,0.0
974,2018-11-13,273.09,275.33,0.0,0.0,263.9,98176600,0.0
975,2018-11-14,274.16,274.61,0.0,0.0,262.1,125335900,0.0
976,2018-11-15,268.78,273.54,0.0,0.0,264.83,135101400,0.0
977,2018-11-16,271.79,274.75,0.0,0.0,265.52,126668000,0.0
978,2018-11-19,273.05,273.38,0.0,0.0,261.03,103061700,0.0
979,2018-11-20,265.36,267.0,0.0,0.0,256.2,136021300,0.0
980,2018-11-21,265.86,267.15,0.0,0.0,257.07,75563700,0.0
981,2018-11-23,263.18,264.82,0.0,0.0,255.36,42807900,0.0
982,2018-11-26,265.78,267.75,0.0,0.0,259.48,79981400,0.0
983,2018-11-27,266.34,268.4,0.0,0.0,260.35,75502400,0.0
984,2018-11-28,269.6,274.58,0.0,0.0,266.35,127629600,0.0
985,2018-11-29,273.71,275.55,0.0,0.0,265.76,82346400,0.0
986,2018-11-30,273.81,276.28,0.0,0.0,267.38,98204200,0.0
987,2018-12-03,280.28,280.4,0.0,0.0,270.92,103176300,0.0
988,2018-12-04,278.37,278.85,0.0,0.0,262.15,177986000,0.0
989,2018-12-06,265.92,269.97,0.0,0.0,261.75,204185400,0.0
990,2018-12-07,269.46,271.22,0.0,0.0,255.67,161018900,0.0
991,2018-12-10,263.37,265.16,0.0,0.0,256.15,151445900,0.0
992,2018-12-11,267.66,267.87,0.0,0.0,256.21,121504400,0.0
993,2018-12-12,267.47,269.0,0.0,0.0,257.5,97976700,0.0
994,2018-12-13,266.52,267.49,0.0,0.0,257.41,96662700,0.0
995,2018-12-14,262.96,264.03,0.0,0.0,252.66,116961100,0.0
996,2018-12-17,259.4,260.65,0.0,0.0,247.7,165492300,0.0
997,2018-12-18,257.2,257.95,0.0,0.0,247.43,134515100,0.0
998,2018-12-19,255.17,259.4,0.0,0.0,243.73,214992800,0.0
999,2018-12-20,249.86,251.62,0.0,0.0,239.76,252053400,0.0
1000,2018-12-21,246.74,249.71,0.0,0.0,234.85,255345600,0.0
1001,2018-12-24,239.04,240.84,0.0,0.0,228.64,147311600,0.0
1002,2018-12-26,235.97,246.18,0.0,0.0,240.19,218485400,0.0
1003,2018-12-27,242.57,248.29,0.0,0.0,242.04,186267300,0.0
1004,2018-12-28,249.58,251.4,0.0,0.0,241.72,153100200,0.0
1005,2018-12-31,249.56,250.19,0.0,0.0,243.84,144299400,0.0
1006,2019-01-02,245.98,251.21,0.0,0.0,244.1,126925200,0.0
1007,2019-01-03,248.23,248.57,0.0,0.0,238.27,144140700,0.0
1008,2019-01-04,247.59,253.11,0.0,0.0,246.25,142628800,0.0
1009,2019-01-07,252.69,255.95,0.0,0.0,248.19,103139100,0.0
1010,2019-01-08,256.82,257.31,0.0,0.0,250.53,102512600,0.0
1011,2019-01-09,257.56,258.91,0.0,0.0,251.7,95006600,0.0
1012,2019-01-10,256.26,259.16,0.0,0.0,252.58,96823900,0.0
1013,2019-01-11,257.68,259.01,0.0,0.0,252.68,73858100,0.0
1014,2019-01-14,256.86,258.3,0.0,0.0,251.14,70908200,0.0
1015,2019-01-15,257.82,260.7,0.0,0.0,254.02,85208300,0.0
1016,2019-01-16,260.83,261.97,0.0,0.0,254.63,77636700,0.0
1017,2019-01-17,260.01,263.92,0.0,0.0,256.56,96118400,0.0
1018,2019-01-18,264.98,266.98,0.0,0.0,259.98,127900300,0.0
1019,2019-01-22,264.82,265.06,0.0,0.0,256.47,115531200,0.0
1020,2019-01-23,264.01,264.79,0.0,0.0,257.0,86030300,0.0
1021,2019-01-24,263.21,264.2,0.0,0.0,257.14,59204100,0.0
1022,2019-01-25,265.61,266.7,0.0,0.0,259.32,96883400,0.0
1023,2019-01-28,263.39,263.83,0.0,0.0,257.35,85613700,0.0
1024,2019-01-29,263.92,264.55,0.0,0.0,257.0,66136300,0.0
1025,2019-01-30,265.1,268.52,0.0,0.0,261.07,92473700,0.0
1026,2019-01-31,267.51,270.47,0.0,0.0,263.36,104012100,0.0
1027,2019-02-01,270.15,271.2,0.0,0.0,263.49,85782500,0.0
1028,2019-02-04,270.11,272.03,0.0,0.0,265.35,60744800,0.0
1029,2019-02-05,272.44,273.44,0.0,0.0,266.46,79552800,0.0
1030,2019-02-06,272.79,273.34,0.0,0.0,266.11,58347800,0.0
1031,2019-02-07,270.94,271.55,0.0,0.0,263.57,95482000,0.0
1032,2019-02-08,268.75,270.58,0.0,0.0,263.89,75788900,0.0
1033,2019-02-11,271.2,271.49,0.0,0.0,264.04,68021400,0.0
1034,2019-02-12,272.42,274.52,0.0,0.0,267.43,72270200,0.0
1035,2019-02-13,275.03,275.93,0.0,0.0,268.3,65277200,0.0
1036,2019-02-14,273.78,275.64,0.0,0.0,267.71,83234400,0.0
1037,2019-02-15,276.36,277.41,0.0,0.0,270.62,97088700,0.0
1038,2019-02-19,276.48,278.58,0.0,0.0,271.09,59120800,0.0
1039,2019-02-20,277.81,278.92,0.0,0.0,271.64,76610800,0.0
1040,2019-02-21,277.7,278.1,0.0,0.0,270.67,64214700,0.0
1041,2019-02-22,278.11,279.36,0.0,0.0,272.35,78114600,0.0
1042,2019-02-25,280.73,281.31,0.0,0.0,272.72,69030700,0.0
1043,2019-02-26,279.13,280.3,0.0,0.0,272.53,56844100,0.0
1044,2019-02-27,278.52,279.59,0.0,0.0,272.41,56921600,0.0
1045,2019-02-28,278.96,279.45,0.0,0.0,271.9,69268300,0.0
1046,2019-03-01,280.44,280.88,0.0,0.0,273.6,78880500,0.0
1047,2019-03-04,281.6,281.87,0.0,0.0,272.6,106494600,0.0
1048,2019-03-05,279.54,279.76,0.0,0.0,272.23,59114600,0.0
1049,2019-03-06,279.15,279.16,0.0,0.0,270.58,75039800,0.0
1050,2019-03-07,276.83,276.99,0.0,0.0,268.32,94885100,0.0
1051,2019-03-08,272.94,274.65,0.0,0.0,267.78,85795800,0.0
1052,2019-03-11,275.26,278.62,0.0,0.0,271.67,65098900,0.0
1053,2019-03-12,279.06,280.07,0.0,0.0,272.69,79667500,0.0
1054,2019-03-13,280.48,282.38,0.0,0.0,274.5,80639200,0.0
1055,2019-03-14,281.37,281.84,0.0,0.0,274.32,67518400,0.0
1056,2019-03-15,280.54,282.21,0.0,0.0,275.68,81309000,0.0
1057,2019-03-18,281.55,282.66,0.0,0.0,276.68,62199800,0.0
1058,2019-03-19,283.51,284.36,0.0,0.0,276.75,90268100,0.0
1059,2019-03-20,282.16,283.5,0.0,0.0,275.91,84609200,0.0
1060,2019-03-21,280.64,285.18,0.0,0.0,279.03,79550400,0.0
1061,2019-03-22,283.22,283.8,0.0,0.0,273.66,122659300,0.0
1062,2019-03-25,278.87,280.19,0.0,0.0,273.45,85575200,0.0
1063,2019-03-26,280.99,282.18,0.0,0.0,275.49,68125900,0.0
1064,2019-03-27,281.11,281.76,0.0,0.0,274.05,72224700,0.0
1065,2019-03-28,280.35,281.21,0.0,0.0,275.09,56238500,0.0
1066,2019-03-29,282.39,282.84,0.0,0.0,276.82,82186800,0.0
1067,2019-04-01,284.7,286.16,0.0,0.0,280.11,77617900,0.0
1068,2019-04-02,286.04,286.23,0.0,0.0,280.24,40070400,0.0
1069,2019-04-03,287.32,287.76,0.0,0.0,280.68,68243200,0.0
1070,2019-04-04,286.78,287.46,0.0,0.0,281.43,48997500,0.0
1071,2019-04-05,287.92,288.63,0.0,0.0,282.79,58621700,0.0
1072,2019-04-08,288.1,288.91,0.0,0.0,283.01,53566300,0.0
1073,2019-04-09,287.72,288.08,0.0,0.0,281.56,66142300,0.0
1074,2019-04-10,287.77,288.39,0.0,0.0,282.52,52601500,0.0
1075,2019-04-11,288.83,288.84,0.0,0.0,282.44,55093100,0.0
1076,2019-04-12,290.0,290.47,0.0,0.0,284.35,69727800,0.0
1077,2019-04-15,290.24,290.35,0.0,0.0,284.16,49596700,0.0
1078,2019-04-16,290.95,291.01,0.0,0.0,284.35,52153200,0.0
1079,2019-04-17,291.4,291.43,0.0,0.0,283.65,58268300,0.0
1080,2019-04-18,290.1,290.32,0.0,0.0,284.21,68708500,0.0
1081,2019-04-22,289.17,290.44,0.0,0.0,284.46,40160100,0.0
1082,2019-04-23,290.68,293.14,0.0,0.0,287.02,52246600,0.0
1083,2019-04-24,292.79,293.16,0.0,0.0,286.38,50392900,0.0
1084,2019-04-25,292.12,292.78,0.0,0.0,286.2,57770900,0.0
1085,2019-04-26,292.1,293.49,0.0,0.0,287.53,50916400,0.0
1086,2019-04-29,293.51,294.45,0.0,0.0,287.99,57197700,0.0
1087,2019-04-30,293.49,294.34,0.0,0.0,288.13,81111700,0.0
1088,2019-05-01,294.72,294.95,0.0,0.0,285.97,71671900,0.0
1089,2019-05-02,291.68,292.7,0.0,0.0,285.35,65030200,0.0
1090,2019-05-03,292.82,294.34,0.0,0.0,288.14,56543700,0.0
1091,2019-05-06,289.25,293.31,0.0,0.0,286.96,107198100,0.0
1092,2019-05-07,290.15,290.81,0.0,0.0,282.16,144729900,0.0
1093,2019-05-08,287.53,289.43,0.0,0.0,281.77,91568300,0.0
1094,2019-05-09,285.23,287.33,0.0,0.0,280.92,103471100,0.0
1095,2019-05-10,285.62,288.94,0.0,0.0,282.33,112429300,0.0
1096,2019-05-13,282.42,283.49,0.0,0.0,275.24,127290500,0.0
1097,2019-05-14,281.99,285.1,0.0,0.0,277.73,77003200,0.0
1098,2019-05-15,281.59,285.77,0.0,0.0,279.35,73956400,0.0
1099,2019-05-16,285.84,289.21,0.0,0.0,281.94,76749600,0.0
1100,2019-05-17,285.14,288.6,0.0,0.0,280.12,100353000,0.0
1101,2019-05-20,284.06,285.96,0.0,0.0,278.26,62877600,0.0
1102,2019-05-21,285.83,286.93,0.0,0.0,280.77,46847100,0.0
1103,2019-05-22,285.45,286.69,0.0,0.0,279.91,49482500,0.0
1104,2019-05-23,283.16,283.21,0.0,0.0,276.49,98733800,0.0
1105,2019-05-24,283.74,284.2,0.0,0.0,277.12,55268100,0.0
1106,2019-05-28,283.09,284.15,0.0,0.0,274.54,70029400,0.0
1107,2019-05-29,278.91,279.36,0.0,0.0,272.7,104972900,0.0
1108,2019-05-30,279.11,280.04,0.0,0.0,273.44,62523800,0.0
1109,2019-05-31,276.2,277.12,0.0,0.0,269.76,86862800,0.0
1110,2019-06-03,275.31,276.55,0.0,0.0,269.07,96428000,0.0
1111,2019-06-04,277.12,280.68,0.0,0.0,274.91,77231900,0.0
1112,2019-06-05,282.33,282.99,0.0,0.0,277.29,71169700,0.0
1113,2019-06-06,283.29,285.55,0.0,0.0,279.1,69430400,0.0
1114,2019-06-07,285.93,288.85,0.0,0.0,281.89,74272200,0.0
1115,2019-06-10,289.37,290.82,0.0,0.0,283.18,60799100,0.0
1116,2019-06-11,290.99,291.4,0.0,0.0,283.12,58641300,0.0
1117,2019-06-12,288.64,289.26,0.0,0.0,282.62,46984700,0.0
1118,2019-06-13,289.4,289.98,0.0,0.0,283.78,48945200,0.0
1119,2019-06-14,289.26,289.93,0.0,0.0,283.47,52324700,0.0
1120,2019-06-17,289.52,290.22,0.0,0.0,283.58,39205700,0.0
1121,2019-06-18,291.39,293.57,0.0,0.0,286.55,85434800,0.0
1122,2019-06-19,292.55,293.65,0.0,0.0,287.19,78674400,0.0
1123,2019-06-20,296.04,296.31,0.0,0.0,289.94,116570000,0.0
1124,2019-06-21,294.13,295.52,0.0,0.0,289.51,83309500,0.0
1125,2019-06-24,294.23,294.58,0.0,0.0,289.16,47582700,0.0
1126,2019-06-25,293.7,293.73,0.0,0.0,286.32,82028700,0.0
1127,2019-06-26,291.75,292.31,0.0,0.0,286.04,51584900,0.0
1128,2019-06-27,291.31,292.06,0.0,0.0,287.05,40355200,0.0
1129,2019-06-28,292.58,293.55,0.0,0.0,288.53,59350900,0.0
1130,2019-07-01,296.68,296.92,0.0,0.0,291.15,79107500,0.0
1131,2019-07-02,295.61,296.49,0.0,0.0,291.91,61504500,0.0
1132,2019-07-03,297.18,298.82,0.0,0.0,294.24,40898900,0.0
1133,2019-07-05,297.44,298.64,0.0,0.0,293.91,51677300,0.0
1134,2019-07-08,297.01,298.26,0.0,0.0,292.29,45841800,0.0
1135,2019-07-09,295.54,297.52,0.0,0.0,292.66,41101300,0.0
1136,2019-07-10,298.37,299.66,0.0,0.0,294.05,58448500,0.0
1137,2019-07-11,299.32,299.58,0.0,0.0,294.74,50826100,0.0
1138,2019-07-12,299.85,300.73,0.0,0.0,296.06,40326000,0.0
1139,2019-07-15,301.13,301.13,0.0,0.0,296.16,33900000,0.0
1140,2019-07-16,300.65,300.88,0.0,0.0,295.21,36650100,0.0
1141,2019-07-17,299.75,299.93,0.0,0.0,293.2,36036300,0.0
1142,2019-07-18,297.19,299.25,0.0,0.0,294.27,51392600,0.0
1143,2019-07-19,300.04,300.07,0.0,0.0,292.64,58678600,0.0
1144,2019-07-22,297.61,298.5,0.0,0.0,293.35,43638100,0.0
1145,2019-07-23,299.14,300.03,0.0,0.0,295.45,44564500,0.0
1146,2019-07-24,299.19,301.44,0.0,0.0,296.84,47213200,0.0
1147,2019-07-25,300.94,301.0,0.0,0.0,295.42,55394100,0.0
1148,2019-07-26,300.76,302.23,0.0,0.0,297.4,45084100,0.0
1149,2019-07-29,301.88,302.01,0.0,0.0,296.86,38126500,0.0
1150,2019-07-30,299.91,301.17,0.0,0.0,296.13,45849000,0.0
1151,2019-07-31,300.99,301.2,0.0,0.0,292.89,104245200,0.0
1152,2019-08-01,297.6,300.87,0.0,0.0,290.34,142646600,0.0
1153,2019-08-02,293.85,294.12,0.0,0.0,288.16,116749700,0.0
1154,2019-08-05,288.09,288.21,0.0,0.0,279.49,178745400,0.0
1155,2019-08-06,285.91,288.04,0.0,0.0,283.41,120711700,0.0
1156,2019-08-07,284.4,288.82,0.0,0.0,283.58,140572300,0.0
1157,2019-08-08,289.62,293.62,0.0,0.0,289.14,87713900,0.0
1158,2019-08-09,292.58,293.24,0.0,0.0,287.17,93730000,0.0
1159,2019-08-12,289.96,291.61,0.0,0.0,283.67,62629500,0.0
1160,2019-08-13,287.74,294.15,0.0,0.0,288.09,94299800,0.0
1161,2019-08-14,288.07,288.74,0.0,0.0,279.57,135622100,0.0
1162,2019-08-15,284.88,285.64,0.0,0.0,280.31,99556600,0.0
1163,2019-08-16,286.48,289.33,0.0,0.0,284.44,83018300,0.0
1164,2019-08-19,292.19,293.08,0.0,0.0,287.87,53571800,0.0
1165,2019-08-20,291.77,292.36,0.0,0.0,285.66,51596400,0.0
1166,2019-08-21,292.48,292.86,0.0,0.0,287.99,49524700,0.0
1167,2019-08-22,293.23,293.93,0.0,0.0,287.9,51666400,0.0
1168,2019-08-23,290.92,292.76,0.0,0.0,280.5,149161500,0.0
1169,2019-08-26,287.27,288.0,0.0,0.0,283.61,72423800,0.0
1170,2019-08-27,289.54,289.95,0.0,0.0,282.49,66668900,0.0
1171,2019-08-28,286.14,289.07,0.0,0.0,284.48,59696700,0.0
1172,2019-08-29,291.72,293.16,0.0,0.0,288.12,57899400,0.0
1173,2019-08-30,294.22,294.24,0.0,0.0,287.99,62901200,0.0
1174,2019-09-03,290.57,291.58,0.0,0.0,286.3,69101400,0.0
1175,2019-09-04,293.14,294.06,0.0,0.0,289.55,46887300,0.0
1176,2019-09-05,296.79,298.83,0.0,0.0,293.28,83258100,0.0
1177,2019-09-06,298.17,298.76,0.0,0.0,293.5,49584300,0.0
1178,2019-09-09,299.14,299.24,0.0,0.0,293.65,51260300,0.0
1179,2019-09-10,297.36,298.2,0.0,0.0,293.58,57947100,0.0
1180,2019-09-11,298.47,300.34,0.0,0.0,295.67,68821100,0.0
1181,2019-09-12,301.25,302.46,0.0,0.0,296.69,72908700,0.0
1182,2019-09-13,301.78,302.17,0.0,0.0,296.5,62104800,0.0
1183,2019-09-16,299.84,301.14,0.0,0.0,295.58,58191200,0.0
1184,2019-09-17,299.94,301.02,0.0,0.0,296.33,41475500,0.0
1185,2019-09-18,300.49,301.22,0.0,0.0,296.51,73375800,0.0
1186,2019-09-19,301.53,302.63,0.0,0.0,296.49,76560500,0.0
1187,2019-09-20,300.36,300.67,0.0,0.0,295.09,89565000,0.0
1188,2019-09-23,297.55,299.0,0.0,0.0,295.02,43476800,0.0
1189,2019-09-24,299.41,299.84,0.0,0.0,292.7,94869400,0.0
1190,2019-09-25,295.96,298.11,0.0,0.0,294.43,71854000,0.0
1191,2019-09-26,297.63,297.86,0.0,0.0,293.82,56179700,0.0
1192,2019-09-27,297.83,297.95,0.0,0.0,292.24,84746600,0.0
1193,2019-09-30,295.97,297.55,0.0,0.0,293.59,51662400,0.0
1194,2019-10-01,297.74,298.46,0.0,0.0,290.1,88242400,0.0
1195,2019-10-02,291.5,291.51,0.0,0.0,284.97,122539500,0.0
1196,2019-10-03,287.81,290.45,0.0,0.0,287.31,85278800,0.0
1197,2019-10-04,291.14,294.63,0.0,0.0,291.2,65091200,0.0
1198,2019-10-07,293.47,295.26,0.0,0.0,289.94,59610500,0.0
1199,2019-10-08,291.04,291.85,0.0,0.0,285.44,95708100,0.0
1200,2019-10-09,290.75,292.3,0.0,0.0,288.15,62359400,0.0
1201,2019-10-10,291.18,294.21,0.0,0.0,290.1,55296300,0.0
1202,2019-10-11,296.27,298.74,0.0,0.0,293.11,98720400,0.0
1203,2019-10-14,295.93,296.67,0.0,0.0,292.78,40394800,0.0
1204,2019-10-15,297.1,299.7,0.0,0.0,295.68,46754500,0.0
1205,2019-10-16,298.37,299.16,0.0,0.0,295.2,48928200,0.0
1206,2019-10-17,299.68,300.24,0.0,0.0,296.07,45736600,0.0
1207,2019-10-18,298.69,299.4,0.0,0.0,294.78,64304000,0.0
1208,2019-10-21,299.42,300.21,0.0,0.0,296.78,39048600,0.0
1209,2019-10-22,300.58,300.9,0.0,0.0,295.81,48594700,0.0
1210,2019-10-23,298.73,299.94,0.0,0.0,296.67,34352200,0.0
1211,2019-10-24,300.91,301.07,0.0,0.0,297.15,35453100,0.0
1212,2019-10-25,299.74,302.2,0.0,0.0,298.37,45205400,0.0
1213,2019-10-28,302.94,303.85,0.0,0.0,300.05,42147000,0.0
1214,2019-10-29,303.0,304.23,0.0,0.0,299.96,44284900,0.0
1215,2019-10-30,303.43,304.55,0.0,0.0,300.88,49643900,0.0
1216,2019-10-31,304.13,304.13,0.0,0.0,300.08,69053800,0.0
1217,2019-11-01,304.92,306.19,0.0,0.0,302.86,71141500,0.0
1218,2019-11-04,307.85,308.0,0.0,0.0,304.08,60606900,0.0
1219,2019-11-05,307.59,307.92,0.0,0.0,303.74,42933200,0.0
1220,2019-11-06,307.03,307.4,0.0,0.0,303.81,46487100,0.0
1221,2019-11-07,308.57,309.65,0.0,0.0,304.88,54272300,0.0
1222,2019-11-08,307.8,309.0,0.0,0.0,305.63,49032100,0.0
1223,2019-11-11,307.42,308.54,0.0,0.0,305.05,35797300,0.0
1224,2019-11-12,308.75,309.99,0.0,0.0,305.69,46484600,0.0
1225,2019-11-13,307.91,309.54,0.0,0.0,305.79,53917700,0.0
1226,2019-11-14,308.79,309.64,0.0,0.0,306.23,51219900,0.0
1227,2019-11-15,311.02,311.84,0.0,0.0,308.45,62023600,0.0
1228,2019-11-18,311.53,312.28,0.0,0.0,308.68,49228000,0.0
1229,2019-11-19,312.68,312.69,0.0,0.0,308.59,67804700,0.0
1230,2019-11-20,311.28,311.85,0.0,0.0,307.44,79406200,0.0
1231,2019-11-21,310.89,311.01,0.0,0.0,306.95,54664700,0.0
1232,2019-11-22,311.09,311.24,0.0,0.0,307.63,44850200,0.0
1233,2019-11-25,311.98,313.37,0.0,0.0,310.01,48647200,0.0
1234,2019-11-26,313.41,314.28,0.0,0.0,310.72,37569000,0.0
1235,2019-11-27,314.61,315.48,0.0,0.0,312.1,44444600,0.0
1236,2019-11-29,314.86,315.13,0.0,0.0,310.94,36592700,0.0
1237,2019-12-02,314.59,314.66,0.0,0.0,308.3,75767800,0.0
1238,2019-12-03,308.65,309.64,0.0,0.0,306.23,73941700,0.0
1239,2019-12-04,310.7,312.12,0.0,0.0,308.12,49080000,0.0
1240,2019-12-05,312.23,312.25,0.0,0.0,308.68,40709000,0.0
1241,2019-12-06,314.12,315.31,0.0,0.0,311.5,48927000,0.0
1242,2019-12-09,314.44,315.18,0.0,0.0,310.52,34838500,0.0
1243,2019-12-10,313.82,314.55,0.0,0.0,310.17,52649800,0.0
1244,2019-12-11,314.03,314.7,0.0,0.0,311.05,53429100,0.0
1245,2019-12-12,314.43,317.99,0.0,0.0,313.73,96389600,0.0
1246,2019-12-13,316.87,318.67,0.0,0.0,313.92,81503900,0.0
1247,2019-12-16,319.22,320.15,0.0,0.0,316.08,82749700,0.0
1248,2019-12-17,319.92,320.25,0.0,0.0,316.15,61097700,0.0
1249,2019-12-18,320.0,320.25,0.0,0.0,316.17,48133000,0.0
1250,2019-12-19,319.8,320.98,0.0,0.0,317.46,85310500,0.0
1251,2019-12-20,320.46,321.97,0.0,0.0,318.86,147142100,0.0
1252,2019-12-23,321.59,321.65,0.0,0.0,319.34,52990000,0.0
1253,2019-12-24,321.47,321.52,0.0,0.0,319.35,20270000,0.0
1254,2019-12-26,321.65,322.95,0.0,0.0,321.05,30911200,0.0
1255,2019-12-27,323.74,323.8,0.0,0.0,320.97,42528800,0.0
1256,2019-12-30,322.95,323.1,0.0,0.0,319.2,49729100,0.0
1257,2019-12-31,320.53,322.13,0.0,0.0,319.98,57077300,0.0
1258,2020-01-02,323.54,324.89,0.0,0.0,322.97,59151200,0.0
1259,2020-01-03,321.16,323.64,0.0,0.0,320.53,77709700,0.0
1260,2020-01-06,320.49,323.73,0.0,0.0,321.75,55653900,0.0
1261,2020-01-07,323.02,323.54,0.0,0.0,320.84,40496400,0.0
1262,2020-01-08,322.94,325.78,0.0,0.0,322.55,68296000,0.0
1263,2020-01-09,326.16,326.73,0.0,0.0,324.74,48473300,0.0
1264,2020-01-10,327.29,327.46,0.0,0.0,323.81,53029300,0.0
1265,2020-01-13,326.39,327.96,0.0,0.0,326.03,47086800,0.0
1266,2020-01-14,327.47,328.62,0.0,0.0,325.54,62832800,0.0
1267,2020-01-15,327.35,329.02,0.0,0.0,326.27,72056600,0.0
1268,2020-01-16,329.7,330.92,0.0,0.0,328.99,54050300,0.0
1269,2020-01-17,331.7,332.18,0.0,0.0,330.01,95846000,0.0
1270,2020-01-21,330.9,332.18,0.0,0.0,329.36,77742400,0.0
1271,2020-01-22,332.24,332.95,0.0,0.0,329.4,48914900,0.0
1272,2020-01-23,330.63,332.17,0.0,0.0,329.78,51963000,0.0
1273,2020-01-24,332.44,332.53,0.0,0.0,326.85,87578400,0.0
1274,2020-01-27,323.03,325.12,0.0,0.0,321.61,84062500,0.0
1275,2020-01-28,325.06,327.85,0.0,0.0,324.98,63834000,0.0
1276,2020-01-29,328.38,328.63,0.0,0.0,324.71,53888900,0.0
1277,2020-01-30,324.36,327.91,0.0,0.0,325.76,75491800,0.0
1278,2020-01-31,327.0,327.17,0.0,0.0,319.85,113845600,0.0
1279,2020-02-03,323.35,326.16,0.0,0.0,322.23,69242300,0.0
1280,2020-02-04,328.07,330.01,0.0,0.0,327.14,62573200,0.0
1281,2020-02-05,332.27,333.09,0.0,0.0,330.91,65951100,0.0
1282,2020-02-06,333.91,334.19,0.0,0.0,332.03,50359700,0.0
1283,2020-02-07,332.82,333.99,0.0,0.0,330.26,64139400,0.0
1284,2020-02-10,331.23,334.75,0.0,0.0,332.72,42070000,0.0
1285,2020-02-11,336.16,337.02,0.0,0.0,333.3,54864500,0.0
1286,2020-02-12,336.83,337.65,0.0,0.0,335.45,43992700,0.0
1287,2020-02-13,335.86,338.12,0.0,0.0,335.09,54501900,0.0
1288,2020-02-14,337.51,337.73,0.0,0.0,335.63,64582200,0.0
1289,2020-02-18,336.51,337.67,0.0,0.0,334.76,57226200,0.0
1290,2020-02-19,337.79,339.08,0.0,0.0,336.36,48814700,0.0
1291,2020-02-20,337.74,338.64,0.0,0.0,334.98,74163400,0.0
1292,2020-02-21,335.47,335.81,0.0,0.0,331.53,113788200,0.0
1293,2020-02-24,323.14,333.56,0.0,0.0,320.54,161088400,0.0
1294,2020-02-25,323.94,324.61,0.0,0.0,310.82,218913200,0.0
1295,2020-02-26,314.18,318.11,0.0,0.0,309.68,194773800,0.0
1296,2020-02-27,305.46,311.56,0.0,0.0,295.77,284353500,0.0
1297,2020-02-28,288.7,297.89,0.0,0.0,294.53,385764000,0.0
1298,2020-03-02,298.21,309.16,0.0,0.0,307.28,238703600,0.0
1299,2020-03-03,309.5,313.84,0.0,0.0,298.48,300139100,0.0
1300,2020-03-04,306.12,313.1,0.0,0.0,311.03,176613400,0.0
1301,2020-03-05,304.98,308.47,0.0,0.0,300.69,186366800,0.0
1302,2020-03-06,293.15,298.78,0.0,0.0,295.72,228667200,0.0
1303,2020-03-09,275.3,284.19,0.0,0.0,272.63,309417300,0.0
1304,2020-03-10,284.64,288.52,0.0,0.0,286.73,276444100,0.0
1305,2020-03-11,280.7,281.94,0.0,0.0,272.76,255316300,0.0
1306,2020-03-12,256.0,266.66,0.0,0.0,246.66,392220700,0.0
1307,2020-03-13,263.09,271.48,0.0,0.0,267.75,329566100,0.0
1308,2020-03-16,241.18,256.9,0.0,0.0,238.45,297240000,0.0
1309,2020-03-17,245.04,256.17,0.0,0.0,251.32,262070500,0.0
1310,2020-03-18,236.25,248.37,0.0,0.0,238.6,327597100,0.0
1311,2020-03-19,239.25,247.38,0.0,0.0,239.1,289322000,0.0
1312,2020-03-20,242.53,244.47,0.0,0.0,228.8,347158800,0.0
1313,2020-03-23,228.19,229.68,0.0,0.0,222.95,326025200,0.0
1314,2020-03-24,234.42,244.1,0.0,0.0,243.15,235494500,0.0
1315,2020-03-25,244.87,256.35,0.0,0.0,246.79,299430300,0.0
1316,2020-03-26,249.52,262.8,0.0,0.0,261.2,257632800,0.0
1317,2020-03-27,253.27,260.81,0.0,0.0,253.42,224341200,0.0
1318,2020-03-30,255.7,262.43,0.0,0.0,261.65,171369500,0.0
1319,2020-03-31,260.56,263.33,0.0,0.0,257.75,194881100,0.0
1320,2020-04-01,247.98,257.66,0.0,0.0,246.15,189554600,0.0
1321,2020-04-02,245.19,252.68,0.0,0.0,251.83,177660400,0.0
1322,2020-04-03,250.76,253.32,0.0,0.0,248.19,135561200,0.0
1323,2020-04-06,257.84,267.0,0.0,0.0,264.86,188061200,0.0
1324,2020-04-07,274.21,275.03,0.0,0.0,265.13,201427200,0.0
1325,2020-04-08,267.96,276.0,0.0,0.0,274.03,153774500,0.0
1326,2020-04-09,277.58,281.2,0.0,0.0,278.2,190282700,0.0
