Date,Open,High,Low,Close,Adj Close,Volume,Dividends,Stock Splits
2015-08-06,67.1,67.19,65.43,65.97,64.13,3437100,0.0,0.0
2015-08-07,65.77,65.87,64.95,65.64,63.81,3444600,0.0,0.0
2015-08-10,66.45,67.33,66.45,67.26,65.39,3751400,0.0,0.0
2015-08-11,66.24,66.55,65.47,66.01,64.17,4139900,0.0,0.0
2015-08-12,65.05,66.34,63.96,66.16,64.32,6895400,0.0,0.0
2015-08-13,66.12,66.6,65.63,66.03,64.19,3700500,0.0,0.0
2015-08-14,65.93,66.56,65.78,66.49,64.64,2385300,0.0,0.0
2015-08-17,66.08,67.25,65.71,67.25,65.38,2886600,0.0,0.0
2015-08-18,67.06,67.3,66.68,66.84,64.98,2243100,0.0,0.0
2015-08-19,66.29,66.88,65.19,65.78,63.95,6311800,0.0,0.0
2015-08-20,64.66,65.06,63.0,63.05,61.3,8536800,0.0,0.0
2015-08-21,61.68,62.39,59.06,59.12,57.48,12530100,0.0,0.0
2015-08-24,52.93,58.03,50.0,54.23,52.72,10832700,0.0,0.0
2015-08-25,57.74,57.74,52.84,52.93,51.46,8724900,0.0,0.0
2015-08-26,55.63,57.17,53.57,57.03,55.44,7163000,0.0,0.0
2015-08-27,58.6,59.92,57.46,59.8,58.14,8259200,0.0,0.0
2015-08-28,59.33,60.16,59.02,59.79,58.13,5188200,0.0,0.0
2015-08-31,59.13,59.73,58.46,58.86,57.22,4683500,0.0,0.0
2015-09-01,56.09,57.11,54.72,55.29,53.75,10184500,0.0,0.0
2015-09-02,57.02,57.45,55.71,57.43,55.83,6709600,0.0,0.0
2015-09-03,57.91,58.99,57.17,57.52,55.92,5805300,0.0,0.0
2015-09-04,55.93,56.52,55.19,55.78,54.23,6357200,0.0,0.0
2015-09-08,57.73,58.67,57.27,58.63,57.0,4589900,0.0,0.0
2015-09-09,59.71,59.78,56.74,57.0,55.41,5095800,0.0,0.0
2015-09-10,56.87,58.43,56.69,57.61,56.01,5267700,0.0,0.0
2015-09-11,57.33,58.15,56.85,58.12,56.5,3092800,0.0,0.0
2015-09-14,58.28,58.28,57.38,57.7,56.09,3270500,0.0,0.0
2015-09-15,58.05,59.46,57.76,59.14,57.49,3365100,0.0,0.0
2015-09-16,59.35,60.31,59.13,60.2,58.52,3768800,0.0,0.0
2015-09-17,60.06,61.77,59.65,59.9,58.23,7569200,0.0,0.0
2015-09-18,58.1,59.23,57.66,57.96,56.35,8453800,0.0,0.0
2015-09-21,58.54,59.26,57.8,58.51,56.88,4991400,0.0,0.0
2015-09-22,57.03,57.35,56.22,57.04,55.45,6249800,0.0,0.0
2015-09-23,57.12,57.47,56.44,56.79,55.21,3980400,0.0,0.0
2015-09-24,55.98,56.75,55.06,56.47,54.9,7554400,0.0,0.0
2015-09-25,57.43,57.65,55.78,56.39,54.82,10021200,0.0,0.0
2015-09-28,55.76,55.82,53.36,53.54,52.05,9465500,0.0,0.0
2015-09-29,53.7,54.54,52.95,53.61,52.12,8291100,0.0,0.0
2015-09-30,54.9,55.71,54.36,55.6,54.05,7969900,0.0,0.0
2015-10-01,55.89,56.1,54.57,55.92,54.36,6675200,0.0,0.0
2015-10-02,54.52,57.58,54.17,57.58,55.98,9349000,0.0,0.0
2015-10-05,58.41,59.77,58.36,59.61,57.95,4683100,0.0,0.0
2015-10-06,59.56,59.91,58.73,59.2,57.55,4415200,0.0,0.0
2015-10-07,59.85,60.42,59.02,60.17,58.5,4963100,0.0,0.0
2015-10-08,59.89,61.46,59.69,61.26,59.56,5699200,0.0,0.0
2015-10-09,61.38,61.67,60.88,61.32,59.61,2968900,0.0,0.0
2015-10-12,61.41,61.59,61.08,61.43,59.72,1679800,0.0,0.0
2015-10-13,60.92,61.83,60.55,60.68,58.99,2747200,0.0,0.0
2015-10-14,60.67,61.05,59.87,60.04,58.37,3501800,0.0,0.0
2015-10-15,60.58,61.92,60.3,61.92,60.2,3610600,0.0,0.0
2015-10-16,62.19,62.48,61.66,62.42,60.68,3307900,0.0,0.0
2015-10-19,62.03,62.54,61.79,62.49,60.75,2467100,0.0,0.0
2015-10-20,62.22,62.83,62.04,62.35,60.62,2213000,0.0,0.0
2015-10-21,62.7,62.78,61.48,61.63,59.92,4022300,0.0,0.0
2015-10-22,62.32,63.82,62.2,63.63,61.86,5032800,0.0,0.0
2015-10-23,64.91,65.36,64.34,65.1,63.29,4854000,0.0,0.0
2015-10-26,64.95,65.0,64.5,64.78,62.98,2393000,0.0,0.0
2015-10-27,64.31,64.77,64.01,64.49,62.7,2510500,0.0,0.0
2015-10-28,64.76,65.98,64.26,65.96,64.12,4066900,0.0,0.0
2015-10-29,65.61,66.17,65.51,65.91,64.08,2564200,0.0,0.0
2015-10-30,66.06,66.27,65.19,65.3,63.48,2761300,0.0,0.0
2015-11-02,65.54,67.02,65.48,66.82,64.96,2635900,0.0,0.0
2015-11-03,66.63,67.68,66.45,67.22,65.35,2238700,0.0,0.0
2015-11-04,67.49,67.55,66.46,66.84,64.98,2828600,0.0,0.0
2015-11-05,66.91,67.25,66.04,66.69,64.83,2673700,0.0,0.0
2015-11-06,66.44,66.83,65.64,66.64,64.79,3281400,0.0,0.0
2015-11-09,66.18,66.27,64.67,65.4,63.58,3826900,0.0,0.0
2015-11-10,65.05,65.71,64.83,65.62,63.79,2299300,0.0,0.0
2015-11-11,65.9,65.92,65.13,65.16,63.35,2526000,0.0,0.0
2015-11-12,64.4,64.74,63.34,63.35,61.59,4353500,0.0,0.0
2015-11-13,63.03,63.23,61.85,61.91,60.19,5451200,0.0,0.0
2015-11-16,61.78,63.82,61.69,63.78,62.01,4197600,0.0,0.0
2015-11-17,64.04,64.67,63.34,63.64,61.87,5609400,0.0,0.0
2015-11-18,64.05,65.82,64.02,65.72,63.89,4124500,0.0,0.0
2015-11-19,65.61,65.92,65.4,65.6,63.77,2085100,0.0,0.0
2015-11-20,66.18,66.59,65.8,66.08,64.24,2392700,0.0,0.0
2015-11-23,66.1,66.51,65.58,65.94,64.11,2148200,0.0,0.0
2015-11-24,65.19,66.41,64.89,66.09,64.25,3169500,0.0,0.0
2015-11-25,66.22,66.35,65.9,66.1,64.26,1536400,0.0,0.0
2015-11-27,66.15,66.36,65.79,66.21,64.37,984200,0.0,0.0
2015-11-30,66.33,66.44,65.6,65.69,63.86,3485700,0.0,0.0
2015-12-01,66.14,67.03,65.94,66.93,65.07,3354200,0.0,0.0
2015-12-02,66.89,67.12,65.37,65.55,63.73,3175200,0.0,0.0
2015-12-03,65.76,65.94,63.17,63.68,61.91,4754800,0.0,0.0
2015-12-04,64.02,66.42,63.91,66.17,64.33,4785200,0.0,0.0
2015-12-07,65.95,65.95,64.66,65.36,63.54,2846300,0.0,0.0
2015-12-08,64.18,65.19,63.77,64.5,62.71,3529200,0.0,0.0
2015-12-09,64.03,65.58,62.77,63.48,61.71,5851400,0.0,0.0
2015-12-10,63.57,64.78,63.36,63.81,62.03,3611400,0.0,0.0
2015-12-11,62.27,62.73,61.1,61.27,59.57,6870100,0.0,0.0
2015-12-14,61.47,62.0,60.16,61.96,60.24,7291400,0.0,0.0
2015-12-15,63.05,63.91,62.95,63.28,61.52,4270100,0.0,0.0
2015-12-16,64.06,65.33,63.11,65.08,63.27,5434000,0.0,0.0
2015-12-17,65.34,65.38,63.11,63.18,61.42,4055000,0.0,0.0
2015-12-18,62.58,62.65,60.79,60.79,59.1,5695900,0.0,0.0
2015-12-21,61.74,61.98,60.91,61.82,60.1,4286500,0.0,0.0
2015-12-22,62.3,62.99,61.58,62.75,61.2,3809000,0.194,0.0
2015-12-23,63.52,64.35,63.44,64.28,62.69,3302200,0.0,0.0
2015-12-24,64.09,64.51,63.95,64.02,62.43,1030500,0.0,0.0
2015-12-28,63.56,63.83,63.03,63.82,62.24,2161500,0.0,0.0
2015-12-29,64.63,65.39,64.59,65.14,63.53,2545200,0.0,0.0
2015-12-30,64.94,65.03,64.13,64.27,62.68,1667500,0.0,0.0
2015-12-31,63.73,64.2,62.96,63.0,61.44,4707000,0.0,0.0
2016-01-04,60.81,61.19,59.69,61.19,59.67,7367000,0.0,0.0
2016-01-05,61.45,62.0,60.59,61.46,59.94,4963000,0.0,0.0
2016-01-06,59.56,60.59,59.11,59.81,58.33,5887800,0.0,0.0
2016-01-07,57.68,58.99,56.7,56.96,55.55,9094000,0.0,0.0
2016-01-08,57.74,58.0,55.51,55.74,54.36,7961100,0.0,0.0
2016-01-11,56.37,56.57,54.49,55.77,54.39,8482200,0.0,0.0
2016-01-12,56.87,57.23,55.26,56.64,55.24,7352000,0.0,0.0
2016-01-13,57.23,57.41,53.62,53.86,52.53,9506300,0.0,0.0
2016-01-14,54.34,56.42,53.22,55.62,54.24,8222300,0.0,0.0
2016-01-15,52.6,53.81,51.94,53.21,51.89,11758600,0.0,0.0
2016-01-19,54.4,54.55,52.34,53.34,52.02,9472800,0.0,0.0
2016-01-20,51.63,53.07,49.39,52.08,50.79,15372000,0.0,0.0
2016-01-21,52.31,53.81,51.47,52.62,51.32,10336200,0.0,0.0
2016-01-22,54.34,54.88,53.82,54.75,53.39,6646400,0.0,0.0
2016-01-25,54.4,54.54,52.96,53.14,51.82,6256300,0.0,0.0
2016-01-26,53.47,54.72,53.31,54.51,53.16,4992100,0.0,0.0
2016-01-27,54.15,55.31,52.74,53.36,52.04,7340000,0.0,0.0
2016-01-28,54.38,54.5,52.78,53.93,52.59,6569700,0.0,0.0
2016-01-29,54.4,56.55,54.35,56.47,55.07,6310300,0.0,0.0
2016-02-01,55.81,57.03,55.44,56.52,55.12,4469300,0.0,0.0
2016-02-02,55.45,55.48,54.08,54.4,53.05,7606600,0.0,0.0
2016-02-03,55.14,55.37,52.69,55.08,53.72,9194100,0.0,0.0
2016-02-04,54.78,55.91,54.34,55.24,53.87,5158600,0.0,0.0
2016-02-05,54.93,54.93,52.73,53.19,51.87,8011600,0.0,0.0
2016-02-08,51.94,52.11,50.24,51.71,50.43,8296500,0.0,0.0
2016-02-09,50.54,52.54,50.48,51.66,50.38,7578500,0.0,0.0
2016-02-10,52.24,53.31,51.54,51.6,50.32,6178100,0.0,0.0
2016-02-11,49.99,50.96,49.31,50.34,49.09,9786100,0.0,0.0
2016-02-12,51.4,52.37,50.89,52.34,51.04,5594500,0.0,0.0
2016-02-16,53.64,54.12,52.93,54.07,52.73,5580300,0.0,0.0
2016-02-17,54.9,56.13,54.83,55.86,54.48,5590900,0.0,0.0
2016-02-18,56.04,56.11,55.2,55.41,54.04,3160300,0.0,0.0
2016-02-19,54.86,55.47,54.48,55.35,53.98,4152300,0.0,0.0
2016-02-22,56.42,57.07,56.4,56.94,55.53,3602900,0.0,0.0
2016-02-23,56.46,56.69,55.46,55.59,54.21,3343700,0.0,0.0
2016-02-24,54.56,56.21,53.79,56.06,54.67,7324600,0.0,0.0
2016-02-25,56.36,57.4,55.82,57.4,55.98,5437700,0.0,0.0
2016-02-26,58.03,58.05,57.02,57.13,55.72,6267200,0.0,0.0
2016-02-29,57.14,57.78,56.12,56.12,54.73,4597100,0.0,0.0
2016-03-01,57.09,58.91,56.75,58.89,57.43,5120900,0.0,0.0
2016-03-02,58.67,59.43,58.37,59.42,57.95,5382100,0.0,0.0
2016-03-03,59.28,59.87,58.87,59.83,58.35,3399400,0.0,0.0
2016-03-04,60.0,60.79,59.43,60.19,58.7,4648800,0.0,0.0
2016-03-07,59.57,60.63,59.56,60.37,58.88,3215900,0.0,0.0
2016-03-08,59.58,59.94,58.9,58.99,57.53,4231900,0.0,0.0
2016-03-09,59.58,59.85,59.04,59.59,58.11,3723200,0.0,0.0
2016-03-10,60.06,60.6,58.41,59.65,58.17,6152100,0.0,0.0
2016-03-11,60.7,61.65,60.66,61.63,60.1,3624200,0.0,0.0
2016-03-14,61.25,61.8,61.02,61.42,59.9,2297500,0.0,0.0
2016-03-15,60.7,61.29,60.58,61.29,59.77,2542300,0.0,0.0
2016-03-16,60.89,62.25,60.89,61.99,60.45,3806000,0.0,0.0
2016-03-17,61.93,63.11,61.64,62.74,61.19,3334500,0.0,0.0
2016-03-18,63.09,63.49,62.9,63.25,61.68,3133800,0.0,0.0
2016-03-21,63.04,63.58,62.89,63.41,61.84,2281200,0.0,0.0
2016-03-22,62.84,63.77,62.74,63.33,61.76,2625200,0.0,0.0
2016-03-23,62.92,63.05,62.24,62.4,60.99,3040300,0.142991,0.0
2016-03-24,61.61,62.34,61.47,62.32,60.91,2587400,0.0,0.0
2016-03-28,62.63,62.76,62.06,62.37,60.96,2562800,0.0,0.0
2016-03-29,62.1,63.6,61.87,63.6,62.17,3384000,0.0,0.0
2016-03-30,64.27,64.61,63.82,64.11,62.66,3323000,0.0,0.0
2016-03-31,64.02,64.32,63.66,63.82,62.38,2414400,0.0,0.0
2016-04-01,63.05,64.76,62.82,64.64,63.18,2861300,0.0,0.0
2016-04-04,64.6,64.73,63.99,64.23,62.78,3103000,0.0,0.0
2016-04-05,63.21,63.59,62.74,62.96,61.54,3526900,0.0,0.0
2016-04-06,62.99,64.34,62.8,64.28,62.83,3717300,0.0,0.0
2016-04-07,63.5,63.75,62.23,62.74,61.32,4254600,0.0,0.0
2016-04-08,63.62,63.92,62.71,63.13,61.71,3763000,0.0,0.0
2016-04-11,63.58,64.04,62.73,62.79,61.37,3922900,0.0,0.0
2016-04-12,62.91,64.16,62.6,64.0,62.56,4024900,0.0,0.0
2016-04-13,64.6,65.3,64.53,65.24,63.77,4171600,0.0,0.0
2016-04-14,65.3,65.61,65.0,65.25,63.78,2716400,0.0,0.0
2016-04-15,65.21,65.33,64.88,65.07,63.6,2800700,0.0,0.0
2016-04-18,64.63,66.03,64.62,66.0,64.51,2519000,0.0,0.0
2016-04-19,66.33,66.62,65.83,66.39,64.89,3444400,0.0,0.0
2016-04-20,66.49,67.07,66.11,66.54,65.04,3043400,0.0,0.0
2016-04-21,66.52,66.64,65.64,65.81,64.33,4010700,0.0,0.0
2016-04-22,65.59,66.03,65.17,65.87,64.38,2646600,0.0,0.0
2016-04-25,65.37,65.59,64.93,65.57,64.09,2382800,0.0,0.0
2016-04-26,65.86,66.16,65.45,65.81,64.33,2077800,0.0,0.0
2016-04-27,65.54,66.36,65.25,66.09,64.6,3304800,0.0,0.0
2016-04-28,65.52,66.32,64.56,64.92,63.46,4283300,0.0,0.0
2016-04-29,64.42,64.66,63.35,64.2,62.75,5864700,0.0,0.0
2016-05-02,64.53,65.31,64.23,65.16,63.69,3369300,0.0,0.0
2016-05-03,64.23,64.43,63.5,64.03,62.59,4989400,0.0,0.0
2016-05-04,63.31,63.85,62.95,63.28,61.85,4804000,0.0,0.0
2016-05-05,63.67,63.92,62.98,63.33,61.9,2504000,0.0,0.0
2016-05-06,62.74,63.79,62.62,63.74,62.3,2493800,0.0,0.0
2016-05-09,63.63,64.16,63.53,63.89,62.45,1669300,0.0,0.0
2016-05-10,64.38,65.44,64.31,65.41,63.93,1576000,0.0,0.0
2016-05-11,65.08,65.36,64.22,64.22,62.77,2128800,0.0,0.0
2016-05-12,64.7,64.8,63.5,64.26,62.81,2719500,0.0,0.0
2016-05-13,64.0,64.42,62.89,63.13,61.71,2614300,0.0,0.0
2016-05-16,63.26,64.71,63.2,64.35,62.9,1826700,0.0,0.0
2016-05-17,64.14,64.35,62.78,63.2,61.77,2508200,0.0,0.0
2016-05-18,62.89,64.04,62.4,63.22,61.79,3774800,0.0,0.0
2016-05-19,62.64,62.95,61.86,62.78,61.36,3399200,0.0,0.0
2016-05-20,63.2,63.92,63.16,63.5,62.07,2249000,0.0,0.0
2016-05-23,63.55,63.75,63.22,63.34,61.91,951900,0.0,0.0
2016-05-24,63.98,65.23,63.95,64.97,63.5,1523900,0.0,0.0
2016-05-25,65.49,66.18,65.48,65.82,64.34,3055300,0.0,0.0
2016-05-26,66.01,66.15,65.68,65.89,64.4,1090400,0.0,0.0
2016-05-27,66.04,66.46,66.01,66.43,64.93,1913400,0.0,0.0
2016-05-31,66.67,66.77,65.8,66.24,64.75,2250900,0.0,0.0
2016-06-01,65.75,66.62,65.62,66.51,65.01,1349100,0.0,0.0
2016-06-02,66.2,66.9,65.84,66.9,65.39,2004200,0.0,0.0
2016-06-03,66.48,66.75,65.58,66.48,64.98,3011800,0.0,0.0
2016-06-06,66.78,67.42,66.64,67.19,65.67,1913300,0.0,0.0
2016-06-07,67.28,67.79,67.25,67.36,65.84,1241000,0.0,0.0
2016-06-08,67.48,67.9,67.4,67.79,66.26,1319500,0.0,0.0
2016-06-09,67.25,67.71,67.05,67.61,66.08,2006700,0.0,0.0
2016-06-10,66.6,66.83,65.92,66.36,64.86,3633100,0.0,0.0
2016-06-13,65.9,66.52,65.24,65.32,63.85,2302500,0.0,0.0
2016-06-14,65.02,65.47,64.32,65.07,63.6,4147100,0.0,0.0
2016-06-15,65.33,65.78,64.71,64.86,63.4,2911500,0.0,0.0
2016-06-16,64.2,65.36,63.49,65.27,63.8,4023300,0.0,0.0
2016-06-17,65.18,65.19,64.28,64.75,63.29,3163800,0.0,0.0
2016-06-20,66.2,66.68,65.52,65.57,64.09,4555100,0.0,0.0
2016-06-21,65.87,66.25,65.55,65.95,64.46,3773100,0.0,0.0
2016-06-22,66.01,66.53,65.54,65.64,64.24,2126800,0.087,0.0
2016-06-23,66.68,67.36,66.38,67.32,65.89,2477900,0.0,0.0
2016-06-24,62.72,64.86,62.21,62.43,61.1,11053200,0.0,0.0
2016-06-27,61.53,61.53,59.7,60.23,58.95,9412900,0.0,0.0
2016-06-28,61.42,62.43,61.18,62.39,61.06,5632900,0.0,0.0
2016-06-29,63.42,64.71,63.38,64.57,63.2,5048500,0.0,0.0
2016-06-30,64.9,66.35,64.49,66.26,64.85,3974700,0.0,0.0
2016-07-01,66.24,66.95,66.22,66.57,65.15,2857200,0.0,0.0
2016-07-05,66.0,66.04,65.19,65.63,64.23,3863000,0.0,0.0
2016-07-06,65.25,66.5,64.78,66.41,65.0,4355300,0.0,0.0
2016-07-07,66.56,67.03,65.78,66.3,64.89,4807800,0.0,0.0
2016-07-08,67.28,68.47,67.12,68.29,66.84,4013100,0.0,0.0
2016-07-11,68.68,69.2,68.5,68.8,67.34,3051000,0.0,0.0
2016-07-12,69.5,70.0,69.33,69.78,68.3,2404300,0.0,0.0
2016-07-13,70.09,70.1,69.38,69.74,68.26,2262800,0.0,0.0
2016-07-14,70.72,70.89,70.23,70.51,69.01,4566600,0.0,0.0
2016-07-15,70.96,70.97,70.0,70.36,68.86,2793300,0.0,0.0
2016-07-18,70.44,70.85,70.24,70.73,69.23,1731800,0.0,0.0
2016-07-19,70.4,70.59,70.22,70.56,69.06,1625700,0.0,0.0
2016-07-20,70.93,71.33,70.6,71.17,69.66,1872300,0.0,0.0
2016-07-21,71.07,71.23,70.28,70.59,69.09,1762900,0.0,0.0
2016-07-22,70.7,71.29,70.51,71.28,69.76,1937700,0.0,0.0
2016-07-25,71.08,71.13,70.42,70.9,69.39,1538700,0.0,0.0
2016-07-26,70.8,71.19,70.28,70.91,69.4,2095400,0.0,0.0
2016-07-27,71.23,71.26,70.18,70.76,69.26,2655200,0.0,0.0
2016-07-28,70.62,71.15,70.27,70.91,69.4,1335000,0.0,0.0
2016-07-29,70.73,71.42,70.52,71.16,69.65,1766300,0.0,0.0
2016-08-01,71.19,71.48,70.68,71.02,69.51,1472900,0.0,0.0
2016-08-02,70.83,70.95,69.47,70.14,68.65,2318900,0.0,0.0
2016-08-03,70.03,70.56,69.84,70.56,69.06,1428600,0.0,0.0
2016-08-04,70.59,70.9,70.3,70.65,69.15,989200,0.0,0.0
2016-08-05,71.21,71.84,71.11,71.78,70.25,1361200,0.0,0.0
2016-08-08,71.98,72.04,71.53,71.75,70.22,894200,0.0,0.0
2016-08-09,71.79,72.19,71.56,71.79,70.26,1170800,0.0,0.0
2016-08-10,71.91,71.95,71.18,71.48,69.96,2686100,0.0,0.0
2016-08-11,71.85,72.3,71.66,72.1,70.57,1234700,0.0,0.0
2016-08-12,71.85,72.15,71.68,71.98,70.45,1580400,0.0,0.0
2016-08-15,72.26,72.66,72.25,72.39,70.85,979200,0.0,0.0
2016-08-16,72.05,72.12,71.65,71.67,70.15,1963800,0.0,0.0
2016-08-17,71.67,72.01,71.02,71.89,70.36,2290500,0.0,0.0
2016-08-18,71.88,72.25,71.81,72.23,70.69,1186900,0.0,0.0
2016-08-19,71.85,72.16,71.5,72.04,70.51,1392400,0.0,0.0
2016-08-22,71.82,72.18,71.54,72.01,70.48,1651200,0.0,0.0
2016-08-23,72.46,72.71,72.25,72.25,70.71,1313300,0.0,0.0
2016-08-24,72.17,72.24,71.23,71.59,70.07,2468500,0.0,0.0
2016-08-25,71.25,71.76,71.13,71.46,69.94,1706000,0.0,0.0
2016-08-26,71.59,72.37,70.5,71.17,69.66,4715800,0.0,0.0
2016-08-29,71.28,72.06,71.23,71.85,70.32,1104800,0.0,0.0
2016-08-30,71.8,72.0,71.2,71.6,70.08,1039100,0.0,0.0
2016-08-31,71.39,71.45,70.61,71.23,69.72,2517400,0.0,0.0
2016-09-01,71.22,71.44,70.34,71.21,69.7,5139400,0.0,0.0
2016-09-02,71.85,72.19,71.42,71.84,70.31,2491500,0.0,0.0
2016-09-06,72.09,72.32,71.52,72.29,70.75,1414800,0.0,0.0
2016-09-07,72.13,72.41,71.81,72.3,70.76,1652500,0.0,0.0
2016-09-08,72.01,72.21,71.7,71.96,70.43,1904900,0.0,0.0
2016-09-09,70.94,70.94,68.46,68.46,67.0,7292900,0.0,0.0
2016-09-12,67.91,70.74,67.84,70.45,68.95,5310900,0.0,0.0
2016-09-13,69.45,69.65,67.95,68.42,66.97,9594400,0.0,0.0
2016-09-14,68.46,69.34,67.93,68.31,66.86,4384200,0.0,0.0
2016-09-15,68.22,69.99,68.1,69.74,68.26,4098500,0.0,0.0
2016-09-16,69.19,69.38,68.65,69.17,67.7,3114500,0.0,0.0
2016-09-19,69.67,70.14,68.95,69.19,67.72,3021300,0.0,0.0
2016-09-20,69.82,69.94,69.17,69.21,67.74,2793400,0.0,0.0
2016-09-21,69.64,70.82,69.14,70.64,69.2,3495100,0.061,0.0
2016-09-22,71.44,71.79,71.27,71.57,70.11,2880200,0.0,0.0
2016-09-23,71.26,71.35,70.72,70.77,69.33,2573000,0.0,0.0
2016-09-26,70.17,70.29,69.49,69.64,68.22,2297500,0.0,0.0
2016-09-27,69.52,70.56,69.23,70.49,69.05,2297200,0.0,0.0
2016-09-28,70.67,71.3,69.93,71.19,69.74,1963500,0.0,0.0
2016-09-29,71.03,71.32,69.49,69.92,68.49,4477300,0.0,0.0
2016-09-30,70.49,71.47,70.35,70.97,69.52,2569900,0.0,0.0
2016-10-03,70.61,70.75,70.12,70.56,69.12,2001900,0.0,0.0
2016-10-04,70.69,70.85,69.42,69.94,68.51,3527000,0.0,0.0
2016-10-05,70.35,70.8,70.3,70.5,69.06,1358300,0.0,0.0
2016-10-06,70.27,70.74,69.9,70.62,69.18,2185000,0.0,0.0
2016-10-07,70.77,70.9,69.53,70.1,68.67,5391500,0.0,0.0
2016-10-10,70.8,71.16,70.7,70.8,69.36,1354600,0.0,0.0
2016-10-11,70.47,70.53,68.47,69.08,67.67,5937000,0.0,0.0
2016-10-12,69.13,69.59,68.75,69.23,67.82,2358600,0.0,0.0
2016-10-13,68.21,69.12,67.58,68.75,67.35,4203700,0.0,0.0
2016-10-14,69.48,69.83,68.77,68.82,67.42,3411400,0.0,0.0
2016-10-17,68.77,68.97,68.19,68.37,66.98,2285300,0.0,0.0
2016-10-18,69.47,69.55,68.89,69.14,67.73,2143400,0.0,0.0
2016-10-19,69.35,69.77,69.1,69.48,68.06,1713100,0.0,0.0
2016-10-20,69.26,69.7,68.78,69.28,67.87,2763000,0.0,0.0
2016-10-21,68.69,69.4,68.55,69.3,67.89,1858400,0.0,0.0
2016-10-24,69.97,70.19,69.65,69.87,68.44,1278900,0.0,0.0
2016-10-25,69.79,69.97,69.33,69.45,68.03,2218300,0.0,0.0
2016-10-26,68.82,69.61,68.65,69.15,67.74,2083300,0.0,0.0
2016-10-27,69.72,69.72,68.74,68.81,67.41,3033100,0.0,0.0
2016-10-28,68.78,69.28,67.86,68.38,66.98,5126700,0.0,0.0
2016-10-31,68.64,68.79,68.26,68.36,66.97,2299200,0.0,0.0
2016-11-01,68.63,68.65,66.49,67.42,66.04,5400600,0.0,0.0
2016-11-02,67.15,67.44,66.26,66.57,65.21,3790700,0.0,0.0
2016-11-03,66.71,66.88,65.76,65.96,64.61,2614000,0.0,0.0
2016-11-04,66.02,66.66,65.72,65.78,64.44,2823400,0.0,0.0
2016-11-07,67.62,68.73,67.54,68.64,67.24,4273100,0.0,0.0
2016-11-08,68.4,69.74,68.2,69.26,67.85,3623700,0.0,0.0
2016-11-09,69.26,71.24,68.01,70.81,69.37,8319400,0.0,0.0
2016-11-10,71.4,72.05,70.02,71.12,69.67,7941300,0.0,0.0
2016-11-11,70.58,70.98,70.09,70.8,69.36,4896600,0.0,0.0
2016-11-14,71.21,71.35,70.34,70.92,69.47,3618700,0.0,0.0
2016-11-15,71.21,72.0,71.06,72.0,70.53,2401900,0.0,0.0
2016-11-16,71.54,71.91,71.45,71.75,70.29,1500300,0.0,0.0
2016-11-17,71.85,72.51,71.79,72.49,71.01,2689700,0.0,0.0
2016-11-18,72.54,72.65,72.0,72.17,70.7,1609500,0.0,0.0
2016-11-21,72.58,73.24,72.47,73.19,71.7,2236200,0.0,0.0
2016-11-22,73.5,73.65,72.94,73.51,72.01,1906900,0.0,0.0
2016-11-23,73.11,73.63,72.95,73.59,72.09,2590800,0.0,0.0
2016-11-25,73.87,74.14,73.79,74.13,72.62,844900,0.0,0.0
2016-11-28,73.88,74.11,73.35,73.49,71.99,3326900,0.0,0.0
2016-11-29,73.46,74.06,73.21,73.73,72.23,2295100,0.0,0.0
2016-11-30,74.2,74.32,73.3,73.3,71.8,3140100,0.0,0.0
2016-12-01,73.57,73.57,72.53,72.75,71.27,4945100,0.0,0.0
2016-12-02,72.86,73.24,72.59,72.87,71.38,2126300,0.0,0.0
2016-12-05,73.5,74.01,73.37,73.73,72.23,2284900,0.0,0.0
2016-12-06,73.9,74.23,73.52,74.21,72.7,2636700,0.0,0.0
2016-12-07,74.06,76.2,73.99,76.1,74.55,4096400,0.0,0.0
2016-12-08,76.13,76.9,75.92,76.54,74.98,3775800,0.0,0.0
2016-12-09,76.68,77.44,76.67,77.41,75.83,2325800,0.0,0.0
2016-12-12,77.35,77.74,76.93,77.24,75.66,2427000,0.0,0.0
2016-12-13,77.73,78.67,77.73,78.28,76.68,3232700,0.0,0.0
2016-12-14,78.03,78.6,76.64,77.01,75.44,7923100,0.0,0.0
2016-12-15,77.17,78.29,77.07,77.57,75.99,3052700,0.0,0.0
2016-12-16,77.98,78.02,77.06,77.34,75.76,2420700,0.0,0.0
2016-12-19,77.47,77.98,77.33,77.59,76.01,2187300,0.0,0.0
2016-12-20,78.11,78.36,77.89,78.18,76.58,2308800,0.0,0.0
2016-12-21,78.05,78.17,77.71,77.74,76.25,2343500,0.094,0.0
2016-12-22,77.58,77.67,77.12,77.46,75.97,2867500,0.0,0.0
2016-12-23,77.45,77.65,77.31,77.65,76.16,1032100,0.0,0.0
2016-12-27,77.85,78.33,77.82,78.02,76.52,2879500,0.0,0.0
2016-12-28,78.2,78.2,76.65,76.78,75.3,3147900,0.0,0.0
2016-12-29,76.79,77.05,76.34,76.7,75.23,1539700,0.0,0.0
2016-12-30,76.96,76.99,75.58,76.14,74.68,2486000,0.0,0.0
2017-01-03,77.13,77.66,76.35,77.26,75.77,3066400,0.0,0.0
2017-01-04,77.53,78.29,77.51,78.17,76.67,2400700,0.0,0.0
2017-01-05,77.97,78.18,77.43,78.03,76.53,2434600,0.0,0.0
2017-01-06,78.14,78.96,77.71,78.6,77.09,2751900,0.0,0.0
2017-01-09,78.38,78.51,78.05,78.08,76.58,2528300,0.0,0.0
2017-01-10,78.09,78.75,77.76,78.07,76.57,2135700,0.0,0.0
2017-01-11,77.98,78.5,77.48,78.5,76.99,3221000,0.0,0.0
2017-01-12,78.09,78.25,77.02,78.14,76.64,4718500,0.0,0.0
2017-01-13,78.24,78.7,78.21,78.47,76.96,2155600,0.0,0.0
2017-01-17,77.94,78.27,77.59,77.91,76.41,2846400,0.0,0.0
2017-01-18,78.11,78.27,77.66,78.24,76.74,3501100,0.0,0.0
2017-01-19,78.3,78.43,77.32,77.7,76.21,1690300,0.0,0.0
2017-01-20,78.19,78.62,77.75,78.16,76.66,5693900,0.0,0.0
2017-01-23,77.92,78.24,77.22,77.82,76.32,2980400,0.0,0.0
2017-01-24,77.97,79.13,77.89,78.74,77.23,2664100,0.0,0.0
2017-01-25,79.56,80.16,79.43,80.08,78.54,2014900,0.0,0.0
2017-01-26,80.04,80.25,79.78,79.99,78.45,2269000,0.0,0.0
2017-01-27,80.04,80.16,79.58,79.78,78.25,3194700,0.0,0.0
2017-01-30,79.18,79.21,77.96,78.82,77.3,6243600,0.0,0.0
2017-01-31,78.33,78.78,77.89,78.78,77.27,4049800,0.0,0.0
2017-02-01,79.2,79.45,78.32,78.8,77.29,4579100,0.0,0.0
2017-02-02,78.48,79.1,78.23,78.84,77.32,2569700,0.0,0.0
2017-02-03,79.56,80.1,79.35,79.95,78.41,2520000,0.0,0.0
2017-02-06,79.62,79.94,79.4,79.67,78.14,3878300,0.0,0.0
2017-02-07,79.97,80.16,79.52,79.7,78.17,2325300,0.0,0.0
2017-02-08,79.43,79.96,79.23,79.91,78.37,2163300,0.0,0.0
2017-02-09,80.07,81.05,80.07,80.76,79.21,2274200,0.0,0.0
2017-02-10,81.11,81.62,81.02,81.39,79.83,1800900,0.0,0.0
2017-02-13,81.84,82.54,81.83,82.3,80.72,1863700,0.0,0.0
2017-02-14,82.16,83.0,81.9,83.0,81.4,2651000,0.0,0.0
2017-02-15,82.81,83.99,82.77,83.82,82.21,1980800,0.0,0.0
2017-02-16,83.86,84.0,83.09,83.72,82.11,2930500,0.0,0.0
2017-02-17,83.15,83.93,83.12,83.89,82.28,2830900,0.0,0.0
2017-02-21,84.25,85.08,84.25,84.9,83.27,1989000,0.0,0.0
2017-02-22,84.58,84.97,84.47,84.79,83.16,1560200,0.0,0.0
2017-02-23,85.22,85.23,84.27,84.94,83.31,2322400,0.0,0.0
2017-02-24,84.16,85.13,84.15,85.09,83.45,3034300,0.0,0.0
2017-02-27,85.05,85.51,84.82,85.4,83.76,2627100,0.0,0.0
2017-02-28,85.07,85.25,84.59,84.95,83.32,3542300,0.0,0.0
2017-03-01,84.95,87.64,84.95,87.2,85.52,2581900,0.0,0.0
2017-03-02,87.11,87.11,86.13,86.23,84.57,2455400,0.0,0.0
2017-03-03,86.1,86.41,85.78,86.28,84.62,1617800,0.0,0.0
2017-03-06,85.59,86.03,85.24,85.75,84.1,2817000,0.0,0.0
2017-03-07,85.49,85.79,85.06,85.28,83.64,3903300,0.0,0.0
2017-03-08,85.48,85.68,84.79,84.9,83.27,2232600,0.0,0.0
2017-03-09,84.98,85.38,84.31,85.12,83.48,2080400,0.0,0.0
2017-03-10,85.91,85.95,84.92,85.65,84.0,2158700,0.0,0.0
2017-03-13,85.65,85.81,85.38,85.78,84.13,1255600,0.0,0.0
2017-03-14,85.3,85.36,84.6,85.16,83.52,2835200,0.0,0.0
2017-03-15,85.6,86.94,85.4,86.56,84.9,2615700,0.0,0.0
2017-03-16,86.72,86.77,85.97,86.27,84.61,3048800,0.0,0.0
2017-03-17,86.48,86.6,85.94,85.94,84.29,1060000,0.0,0.0
2017-03-20,85.91,86.15,85.42,85.73,84.08,1435400,0.0,0.0
2017-03-21,86.24,86.34,83.43,83.53,81.92,5397000,0.0,0.0
2017-03-22,83.47,84.05,82.95,83.84,82.32,2621300,0.089,0.0
2017-03-23,83.66,84.57,83.33,83.64,82.12,2277200,0.0,0.0
2017-03-24,83.93,84.36,82.89,83.54,82.02,2896600,0.0,0.0
2017-03-27,82.12,83.55,81.92,83.32,81.81,2531200,0.0,0.0
2017-03-28,83.16,84.89,83.01,84.51,82.97,2042100,0.0,0.0
2017-03-29,84.28,84.88,84.11,84.72,83.18,1186700,0.0,0.0
2017-03-30,84.67,85.4,84.5,85.18,83.63,1633300,0.0,0.0
2017-03-31,84.91,85.38,84.78,84.84,83.3,1438400,0.0,0.0
2017-04-03,84.88,85.03,83.51,84.53,82.99,2495500,0.0,0.0
2017-04-04,84.27,84.69,83.97,84.67,83.13,2149100,0.0,0.0
2017-04-05,85.16,85.99,83.96,84.13,82.6,4141800,0.0,0.0
2017-04-06,84.26,85.01,83.86,84.52,82.98,2755400,0.0,0.0
2017-04-07,84.36,84.97,84.0,84.37,82.84,1953500,0.0,0.0
2017-04-10,84.51,85.14,84.07,84.47,82.93,2198900,0.0,0.0
2017-04-11,84.17,84.36,83.06,84.28,82.75,3095100,0.0,0.0
2017-04-12,84.05,84.19,83.35,83.58,82.06,2942200,0.0,0.0
2017-04-13,83.25,83.86,82.48,82.51,81.01,2320500,0.0,0.0
2017-04-17,82.87,83.91,82.7,83.91,82.38,2485600,0.0,0.0
2017-04-18,83.28,83.83,82.84,83.36,81.84,2209900,0.0,0.0
2017-04-19,83.85,84.15,82.9,83.08,81.57,2019600,0.0,0.0
2017-04-20,83.57,84.78,83.32,84.37,82.84,2268400,0.0,0.0
2017-04-21,84.35,84.38,83.55,83.9,82.37,2246000,0.0,0.0
2017-04-24,85.73,85.88,85.32,85.68,84.12,2826000,0.0,0.0
2017-04-25,86.24,87.0,86.17,86.66,85.08,2390500,0.0,0.0
2017-04-26,86.69,87.41,86.56,86.61,85.04,2269800,0.0,0.0
2017-04-27,86.87,86.98,86.28,86.72,85.14,1577900,0.0,0.0
2017-04-28,86.95,86.98,86.24,86.41,84.84,1075400,0.0,0.0
2017-05-01,86.78,87.13,86.44,86.77,85.19,1838700,0.0,0.0
2017-05-02,86.91,86.99,86.51,86.83,85.25,1891100,0.0,0.0
2017-05-03,86.5,86.8,86.07,86.62,85.05,2087300,0.0,0.0
2017-05-04,86.85,86.94,86.11,86.79,85.21,2017400,0.0,0.0
2017-05-05,87.1,87.54,86.77,87.54,85.95,1950300,0.0,0.0
2017-05-08,87.54,87.65,87.12,87.48,85.89,1030100,0.0,0.0
2017-05-09,87.65,87.83,87.01,87.3,85.71,1018900,0.0,0.0
2017-05-10,87.25,87.6,87.08,87.57,85.98,1116200,0.0,0.0
2017-05-11,87.19,87.36,86.31,87.24,85.65,1637400,0.0,0.0
2017-05-12,87.02,87.11,86.72,87.0,85.42,1521500,0.0,0.0
2017-05-15,87.27,87.98,87.27,87.82,86.22,1236200,0.0,0.0
2017-05-16,88.13,88.16,87.4,87.72,86.13,1173800,0.0,0.0
2017-05-17,86.27,86.65,84.54,84.64,83.1,3756000,0.0,0.0
2017-05-18,84.52,85.97,84.32,85.24,83.69,2622900,0.0,0.0
2017-05-19,85.68,86.92,85.64,86.37,84.8,2184900,0.0,0.0
2017-05-22,86.75,87.37,86.72,87.22,85.63,1148200,0.0,0.0
2017-05-23,87.53,87.75,87.24,87.6,86.01,1293000,0.0,0.0
2017-05-24,87.81,88.1,87.53,87.99,86.39,1289700,0.0,0.0
2017-05-25,88.43,89.08,88.3,88.78,87.17,1517700,0.0,0.0
2017-05-26,88.71,88.95,88.63,88.82,87.21,585500,0.0,0.0
2017-05-30,88.51,88.86,88.4,88.65,87.04,746900,0.0,0.0
2017-05-31,88.91,88.93,88.0,88.61,87.0,1807600,0.0,0.0
2017-06-01,88.97,89.98,88.75,89.94,88.31,1603400,0.0,0.0
2017-06-02,90.05,90.72,89.79,90.53,88.88,1297200,0.0,0.0
2017-06-05,90.47,90.68,90.29,90.46,88.82,1032500,0.0,0.0
2017-06-06,89.96,90.42,89.8,89.93,88.3,1133500,0.0,0.0
2017-06-07,90.17,90.37,89.58,90.18,88.54,1611300,0.0,0.0
2017-06-08,90.26,90.68,89.84,90.29,88.65,1528300,0.0,0.0
2017-06-09,90.5,91.17,88.91,90.0,88.36,2512700,0.0,0.0
2017-06-12,89.76,90.0,89.21,89.94,88.31,1628400,0.0,0.0
2017-06-13,90.4,90.88,90.11,90.79,89.14,1175400,0.0,0.0
2017-06-14,91.05,91.08,89.89,90.63,88.98,2236800,0.0,0.0
2017-06-15,89.44,90.33,89.19,90.24,88.6,1402100,0.0,0.0
2017-06-16,90.39,90.39,89.51,90.25,88.61,1332700,0.0,0.0
2017-06-19,90.96,91.8,90.88,91.71,90.04,1567100,0.0,0.0
2017-06-20,91.42,91.45,90.5,90.53,88.88,1993500,0.0,0.0
2017-06-21,90.69,90.85,89.98,90.36,88.8,1586400,0.082,0.0
2017-06-22,90.39,90.79,90.15,90.27,88.71,848200,0.0,0.0
2017-06-23,90.37,90.78,90.02,90.52,88.96,1061600,0.0,0.0
2017-06-26,91.04,91.42,90.43,90.56,88.99,1830900,0.0,0.0
2017-06-27,90.41,90.67,89.14,89.17,87.63,2714600,0.0,0.0
2017-06-28,89.95,90.89,89.79,90.66,89.09,1368300,0.0,0.0
2017-06-29,90.84,90.89,88.1,89.17,87.63,3437000,0.0,0.0
2017-06-30,89.75,90.12,89.3,89.45,87.9,1854700,0.0,0.0
2017-07-03,90.22,90.6,89.77,89.77,88.22,1661800,0.0,0.0
2017-07-05,90.03,90.3,89.36,90.1,88.54,1398200,0.0,0.0
2017-07-06,89.48,89.58,88.34,88.52,86.99,2623200,0.0,0.0
2017-07-07,88.94,89.75,88.83,89.63,88.08,1730800,0.0,0.0
2017-07-10,89.51,90.12,89.39,89.82,88.27,810600,0.0,0.0
2017-07-11,89.64,89.93,88.67,89.63,88.08,2263300,0.0,0.0
2017-07-12,90.52,91.15,90.52,91.0,89.43,1210000,0.0,0.0
2017-07-13,91.03,91.4,90.83,91.27,89.69,1148500,0.0,0.0
2017-07-14,91.31,92.46,91.22,92.09,90.5,1084100,0.0,0.0
2017-07-17,92.1,92.41,91.98,92.12,90.53,886100,0.0,0.0
2017-07-18,91.8,92.25,91.46,92.22,90.63,1063700,0.0,0.0
2017-07-19,92.5,93.2,92.48,93.18,91.57,951600,0.0,0.0
2017-07-20,93.44,93.51,92.82,93.23,91.62,1636300,0.0,0.0
2017-07-21,92.77,93.13,92.59,93.12,91.51,1276800,0.0,0.0
2017-07-24,93.04,93.16,92.64,93.03,91.42,960600,0.0,0.0
2017-07-25,93.73,93.78,93.31,93.43,91.81,1424000,0.0,0.0
2017-07-26,93.71,93.76,93.27,93.52,91.9,740000,0.0,0.0
2017-07-27,93.89,93.91,92.19,93.33,91.72,1996200,0.0,0.0
2017-07-28,92.88,93.18,92.5,93.07,91.46,1204300,0.0,0.0
2017-07-31,93.42,93.5,92.79,92.98,91.37,1104800,0.0,0.0
2017-08-01,93.47,93.51,93.0,93.33,91.72,996600,0.0,0.0
2017-08-02,93.49,93.58,92.65,93.42,91.81,1512600,0.0,0.0
2017-08-03,93.34,93.35,92.86,93.13,91.52,862600,0.0,0.0
2017-08-04,93.51,93.7,93.1,93.42,91.81,914700,0.0,0.0
2017-08-07,93.46,93.76,93.38,93.73,92.11,752600,0.0,0.0
2017-08-08,93.46,94.54,92.96,93.33,91.72,1261800,0.0,0.0
2017-08-09,92.65,93.31,92.37,93.22,91.61,1254700,0.0,0.0
2017-08-10,92.55,92.63,90.59,90.67,89.1,2610400,0.0,0.0
2017-08-11,90.8,91.38,90.61,90.85,89.28,1787800,0.0,0.0
2017-08-14,91.98,92.86,91.96,92.68,91.08,1626300,0.0,0.0
2017-08-15,93.0,93.0,92.38,92.66,91.06,1198900,0.0,0.0
2017-08-16,93.07,93.43,92.61,92.95,91.34,1585000,0.0,0.0
2017-08-17,92.44,92.7,90.07,90.07,88.51,2715300,0.0,0.0
2017-08-18,89.9,90.81,89.38,89.76,88.21,2126100,0.0,0.0
2017-08-21,89.67,90.11,89.11,89.91,88.36,1265100,0.0,0.0
2017-08-22,90.38,91.91,90.37,91.7,90.11,1447100,0.0,0.0
2017-08-23,90.94,91.45,90.8,91.11,89.54,990600,0.0,0.0
2017-08-24,91.43,91.55,90.49,90.7,89.13,1133600,0.0,0.0
2017-08-25,91.36,91.86,90.97,91.09,89.52,1272600,0.0,0.0
2017-08-28,91.51,91.55,90.73,91.13,89.55,958400,0.0,0.0
2017-08-29,89.97,91.5,89.86,91.26,89.68,1258000,0.0,0.0
2017-08-30,91.28,92.37,91.11,92.14,90.55,1180600,0.0,0.0
2017-08-31,92.66,93.45,92.59,93.27,91.66,1389600,0.0,0.0
2017-09-01,93.57,93.87,93.38,93.56,91.94,1338000,0.0,0.0
2017-09-05,93.02,93.24,91.3,92.18,90.59,3034000,0.0,0.0
2017-09-06,92.75,93.05,92.27,92.78,91.18,1074700,0.0,0.0
2017-09-07,93.02,93.02,92.37,92.76,91.16,1192600,0.0,0.0
2017-09-08,92.46,92.89,92.3,92.5,90.9,1106600,0.0,0.0
2017-09-11,93.57,94.54,93.57,94.41,92.78,1027000,0.0,0.0
2017-09-12,94.79,95.11,94.61,95.09,93.45,2581200,0.0,0.0
2017-09-13,94.82,95.21,94.75,95.2,93.55,836200,0.0,0.0
2017-09-14,94.89,95.28,94.75,95.13,93.49,680000,0.0,0.0
2017-09-15,94.98,95.42,94.88,95.41,93.76,916500,0.0,0.0
2017-09-18,95.68,96.06,95.43,95.78,94.12,970300,0.0,0.0
2017-09-19,95.95,96.02,95.67,95.92,94.26,451500,0.0,0.0
2017-09-20,96.0,96.1,95.14,96.0,94.34,1323900,0.0,0.0
2017-09-21,95.85,95.91,95.33,95.47,93.82,631400,0.0,0.0
2017-09-22,95.2,95.65,95.19,95.51,93.86,610100,0.0,0.0
2017-09-25,95.27,95.59,94.45,95.11,93.47,1038500,0.0,0.0
2017-09-26,95.46,95.67,95.01,95.21,93.56,1030400,0.0,0.0
2017-09-27,95.75,96.19,94.97,95.86,94.29,1424900,0.09,0.0
2017-09-28,95.6,96.13,95.54,96.08,94.51,678600,0.0,0.0
2017-09-29,96.04,96.8,95.9,96.74,95.16,1014600,0.0,0.0
2017-10-02,96.93,97.55,96.87,97.52,95.92,1341100,0.0,0.0
2017-10-03,97.68,98.0,97.5,97.99,96.39,655200,0.0,0.0
2017-10-04,97.85,98.43,97.74,98.23,96.62,932400,0.0,0.0
2017-10-05,98.48,99.37,98.4,99.33,97.71,940200,0.0,0.0
2017-10-06,98.96,99.17,98.72,99.14,97.52,1071900,0.0,0.0
2017-10-09,99.31,99.37,98.56,98.81,97.19,596300,0.0,0.0
2017-10-10,99.29,99.63,98.83,99.3,97.68,1023100,0.0,0.0
2017-10-11,99.21,99.61,99.07,99.58,97.95,672600,0.0,0.0
2017-10-12,99.32,99.62,99.09,99.26,97.64,857700,0.0,0.0
2017-10-13,99.69,99.79,99.39,99.52,97.89,535300,0.0,0.0
2017-10-16,99.73,99.96,99.42,99.8,98.17,632300,0.0,0.0
2017-10-17,99.72,99.95,99.55,99.94,98.31,523400,0.0,0.0
2017-10-18,100.26,100.3,99.94,100.07,98.43,476000,0.0,0.0
2017-10-19,99.35,100.16,99.02,100.12,98.48,875600,0.0,0.0
2017-10-20,100.88,101.19,100.64,101.16,99.51,858000,0.0,0.0
2017-10-23,101.44,101.46,100.31,100.38,98.74,845000,0.0,0.0
2017-10-24,100.76,100.92,100.41,100.69,99.04,729000,0.0,0.0
2017-10-25,100.42,100.51,98.7,99.71,98.08,1549000,0.0,0.0
2017-10-26,100.24,100.49,99.92,99.94,98.31,806800,0.0,0.0
2017-10-27,100.62,101.71,100.38,101.54,99.88,1330800,0.0,0.0
2017-10-30,100.62,101.48,100.56,100.82,99.17,1088400,0.0,0.0
2017-10-31,101.16,101.36,100.86,101.12,99.47,812000,0.0,0.0
2017-11-01,101.83,102.12,101.06,101.39,99.73,997800,0.0,0.0
2017-11-02,101.31,101.58,100.39,101.45,99.79,1107800,0.0,0.0
2017-11-03,101.58,102.16,101.24,102.09,100.42,716500,0.0,0.0
2017-11-06,101.96,102.53,101.94,102.36,100.69,667600,0.0,0.0
2017-11-07,102.5,102.82,101.82,102.33,100.66,1025200,0.0,0.0
2017-11-08,102.09,102.7,101.87,102.66,100.98,802000,0.0,0.0
2017-11-09,101.5,102.03,100.42,101.88,100.21,2095300,0.0,0.0
2017-11-10,101.5,101.86,101.21,101.79,100.13,1244700,0.0,0.0
2017-11-13,101.17,102.17,101.13,101.96,100.29,803000,0.0,0.0
2017-11-14,101.2,101.58,100.53,101.49,99.83,1323600,0.0,0.0
2017-11-15,100.64,101.07,99.84,100.46,98.82,1389000,0.0,0.0
2017-11-16,101.27,102.48,101.26,102.1,100.43,1523500,0.0,0.0
2017-11-17,101.81,102.0,101.47,101.54,99.88,994400,0.0,0.0
2017-11-20,101.76,102.03,101.54,101.84,100.17,832000,0.0,0.0
2017-11-21,102.56,103.35,102.5,103.16,101.47,1227500,0.0,0.0
2017-11-22,103.18,103.29,102.85,103.01,101.33,743900,0.0,0.0
2017-11-24,103.4,103.55,103.29,103.46,101.77,631300,0.0,0.0
2017-11-27,103.48,103.76,103.16,103.38,101.69,815900,0.0,0.0
2017-11-28,103.79,105.46,103.69,105.39,103.67,1668800,0.0,0.0
2017-11-29,105.57,106.05,104.9,105.32,103.6,1497900,0.0,0.0
2017-11-30,106.14,107.95,106.07,107.06,105.31,1880800,0.0,0.0
2017-12-01,106.96,107.37,103.69,106.64,104.9,2750000,0.0,0.0
2017-12-04,108.17,108.55,106.37,106.38,104.64,1801400,0.0,0.0
2017-12-05,106.64,107.2,105.51,105.65,103.92,1991700,0.0,0.0
2017-12-06,105.35,106.07,105.25,105.66,103.93,1022100,0.0,0.0
2017-12-07,105.52,106.6,105.43,106.31,104.57,1017300,0.0,0.0
2017-12-08,107.07,107.48,106.84,107.44,105.68,757200,0.0,0.0
2017-12-11,107.5,108.16,107.45,108.12,106.35,1097700,0.0,0.0
2017-12-12,108.36,108.92,108.13,108.51,106.74,909400,0.0,0.0
2017-12-13,108.7,109.12,108.4,108.43,106.66,1399300,0.0,0.0
2017-12-14,108.75,108.81,107.49,107.55,105.79,1276700,0.0,0.0
2017-12-15,108.49,109.73,108.42,109.34,107.55,1252400,0.0,0.0
2017-12-18,110.59,111.01,110.52,110.67,108.86,1179300,0.0,0.0
2017-12-19,110.93,110.93,109.77,109.91,108.11,2255800,0.0,0.0
2017-12-20,110.73,110.79,109.46,109.74,107.94,2251500,0.0,0.0
2017-12-21,110.23,110.79,109.92,110.12,108.32,1377000,0.0,0.0
2017-12-22,110.13,110.16,109.58,110.07,108.27,1317800,0.0,0.0
2017-12-26,109.51,109.79,109.39,109.63,107.99,568800,0.161,0.0
2017-12-27,109.74,110.07,109.49,109.76,108.12,588600,0.0,0.0
2017-12-28,110.12,110.19,109.82,110.17,108.53,972300,0.0,0.0
2017-12-29,110.65,110.66,109.13,109.43,107.8,1494000,0.0,0.0
2018-01-02,110.16,110.91,109.78,110.91,109.26,1922400,0.0,0.0
2018-01-03,111.07,112.4,111.03,112.24,110.57,1124300,0.0,0.0
2018-01-04,112.86,113.66,112.77,113.24,111.55,1387500,0.0,0.0
2018-01-05,113.96,114.8,113.47,114.66,112.95,1369700,0.0,0.0
2018-01-08,114.57,115.24,114.3,115.09,113.37,964400,0.0,0.0
2018-01-09,115.49,116.2,115.24,115.61,113.89,1300700,0.0,0.0
2018-01-10,114.87,115.49,114.23,115.24,113.52,1451000,0.0,0.0
2018-01-11,115.75,116.87,115.6,116.85,115.11,1669300,0.0,0.0
2018-01-12,117.16,118.57,117.03,118.4,116.63,1509300,0.0,0.0
2018-01-16,119.61,120.25,116.91,117.58,115.83,2445500,0.0,0.0
2018-01-17,118.46,120.18,117.8,119.85,118.06,1677700,0.0,0.0
2018-01-18,119.67,120.1,118.93,119.43,117.65,1433300,0.0,0.0
2018-01-19,119.93,120.47,119.4,120.47,118.67,1562300,0.0,0.0
2018-01-22,120.19,122.42,120.19,122.4,120.57,1592200,0.0,0.0
2018-01-23,122.45,123.22,122.16,122.92,121.09,1308100,0.0,0.0
2018-01-24,123.57,124.14,121.67,122.85,121.02,1838800,0.0,0.0
2018-01-25,123.65,123.73,122.12,122.9,121.07,1538100,0.0,0.0
2018-01-26,123.71,125.72,123.46,125.71,123.83,1349400,0.0,0.0
2018-01-29,125.14,125.58,123.92,124.03,122.18,1854400,0.0,0.0
2018-01-30,122.17,122.83,121.02,121.41,119.6,2474800,0.0,0.0
2018-01-31,122.32,122.82,120.57,121.65,119.84,1598600,0.0,0.0
2018-02-01,120.8,122.6,120.55,121.33,119.52,1383300,0.0,0.0
2018-02-02,119.99,120.12,115.99,116.06,114.33,3639600,0.0,0.0
2018-02-05,114.21,116.32,105.72,106.63,105.04,7375700,0.0,0.0
2018-02-06,103.06,110.87,102.05,110.49,108.84,8166800,0.0,0.0
2018-02-07,109.86,113.12,109.21,109.21,107.58,4267000,0.0,0.0
2018-02-08,109.5,109.61,101.07,101.14,99.63,6869100,0.0,0.0
2018-02-09,103.65,105.69,97.35,104.21,102.66,9050600,0.0,0.0
2018-02-12,105.89,108.42,104.38,107.04,105.44,4119900,0.0,0.0
2018-02-13,105.99,108.13,105.48,107.65,106.04,2258500,0.0,0.0
2018-02-14,106.4,110.87,106.32,110.57,108.92,3070600,0.0,0.0
2018-02-15,112.1,113.34,109.85,113.31,111.62,2542700,0.0,0.0
2018-02-16,112.75,115.24,112.72,113.38,111.69,2979400,0.0,0.0
2018-02-20,112.46,113.86,111.21,112.02,110.35,2282900,0.0,0.0
2018-02-21,112.33,114.65,110.77,110.78,109.13,2550000,0.0,0.0
2018-02-22,111.78,113.27,110.5,111.03,109.37,2419900,0.0,0.0
2018-02-23,112.28,114.63,111.85,114.61,112.9,1916200,0.0,0.0
2018-02-26,115.63,117.39,115.12,117.29,115.54,2083800,0.0,0.0
2018-02-27,117.47,118.16,114.31,114.33,112.62,2805600,0.0,0.0
2018-02-28,115.41,115.81,111.74,111.83,110.16,2609700,0.0,0.0
2018-03-01,111.88,113.25,107.05,108.8,107.18,5297500,0.0,0.0
2018-03-02,107.15,110.37,106.38,109.91,108.27,5525200,0.0,0.0
2018-03-05,108.74,112.95,108.66,112.41,110.73,3339300,0.0,0.0
2018-03-06,113.25,113.37,111.54,112.97,111.28,2506100,0.0,0.0
2018-03-07,110.92,113.18,110.74,112.84,111.16,2642700,0.0,0.0
2018-03-08,113.48,114.03,112.55,113.9,112.2,2509400,0.0,0.0
2018-03-09,115.25,117.86,114.95,117.81,116.05,2448700,0.0,0.0
2018-03-12,118.19,118.76,117.24,117.59,115.84,1843100,0.0,0.0
2018-03-13,118.73,119.16,115.5,116.09,114.36,4319300,0.0,0.0
2018-03-14,116.98,117.13,114.34,114.86,113.15,4310600,0.0,0.0
2018-03-15,115.34,115.92,114.12,114.62,112.91,2750600,0.0,0.0
2018-03-16,115.01,115.79,114.78,114.83,113.12,2274700,0.0,0.0
2018-03-19,114.1,114.13,110.16,111.75,110.08,4385600,0.0,0.0
2018-03-20,112.07,112.66,111.46,112.1,110.43,2443500,0.0,0.0
2018-03-21,111.89,113.78,111.25,111.44,109.93,3216000,0.16,0.0
2018-03-22,109.37,110.12,105.64,105.91,104.48,4437500,0.0,0.0
2018-03-23,106.3,106.57,101.2,101.35,99.98,5343400,0.0,0.0
2018-03-26,104.62,107.12,102.43,106.95,105.51,4975500,0.0,0.0
2018-03-27,107.72,108.2,101.8,103.16,101.77,5702300,0.0,0.0
2018-03-28,103.29,104.75,101.59,102.64,101.25,5595900,0.0,0.0
2018-03-29,103.6,106.82,102.93,105.48,104.06,2648800,0.0,0.0
2018-04-02,104.71,105.17,98.42,100.72,99.36,3409100,0.0,0.0
2018-04-03,101.73,103.62,100.15,103.22,101.83,2922200,0.0,0.0
2018-04-04,100.0,106.04,99.89,105.54,104.11,4085700,0.0,0.0
2018-04-05,107.0,107.83,105.97,107.06,105.61,2301400,0.0,0.0
2018-04-06,105.3,106.61,100.88,102.33,100.95,3799600,0.0,0.0
2018-04-09,103.65,106.28,102.9,103.17,101.78,2645400,0.0,0.0
2018-04-10,105.85,107.24,104.79,106.5,105.06,2685900,0.0,0.0
2018-04-11,105.15,106.91,105.14,105.44,104.02,2258500,0.0,0.0
2018-04-12,106.59,107.98,106.43,107.07,105.62,2159400,0.0,0.0
2018-04-13,108.36,108.41,105.54,106.5,105.06,2442400,0.0,0.0
2018-04-16,107.9,108.91,107.2,108.21,106.75,1819400,0.0,0.0
2018-04-17,109.86,111.06,109.38,110.49,109.0,1991600,0.0,0.0
2018-04-18,110.97,111.4,110.27,110.67,109.18,1502800,0.0,0.0
2018-04-19,109.97,110.21,108.46,109.38,107.9,2502700,0.0,0.0
2018-04-20,109.37,109.54,106.73,107.58,106.13,1741800,0.0,0.0
2018-04-23,108.1,108.57,106.53,107.51,106.06,1724600,0.0,0.0
2018-04-24,108.44,108.61,103.23,104.65,103.24,3997800,0.0,0.0
2018-04-25,104.49,105.5,102.89,105.11,103.69,2899400,0.0,0.0
2018-04-26,106.03,107.95,105.61,107.19,105.74,2146900,0.0,0.0
2018-04-27,107.74,108.04,106.56,107.43,105.98,1867600,0.0,0.0
2018-04-30,107.97,108.45,105.68,105.69,104.26,2518500,0.0,0.0
2018-05-01,105.3,106.2,103.86,106.15,104.72,2334500,0.0,0.0
2018-05-02,105.82,106.66,104.31,104.67,103.26,1991200,0.0,0.0
2018-05-03,103.89,104.76,101.35,104.19,102.78,3807800,0.0,0.0
2018-05-04,103.31,107.49,103.05,106.88,105.44,2178500,0.0,0.0
2018-05-07,107.56,108.46,106.95,107.51,106.06,2010400,0.0,0.0
2018-05-08,107.2,107.89,106.16,107.54,106.09,2318800,0.0,0.0
2018-05-09,108.18,109.93,107.72,109.66,108.18,1983700,0.0,0.0
2018-05-10,110.34,111.96,110.22,111.66,110.15,1392800,0.0,0.0
2018-05-11,111.79,112.6,111.35,112.12,110.61,1089700,0.0,0.0
2018-05-14,112.75,113.32,111.96,112.38,110.86,1141000,0.0,0.0
2018-05-15,111.29,111.31,110.03,110.84,109.34,2935900,0.0,0.0
2018-05-16,110.87,112.23,110.87,111.81,110.3,1528400,0.0,0.0
2018-05-17,111.5,112.59,110.88,111.61,110.1,1232700,0.0,0.0
2018-05-18,111.27,111.6,110.7,111.07,109.57,1914200,0.0,0.0
2018-05-21,112.37,113.19,112.07,112.66,111.14,1549700,0.0,0.0
2018-05-22,113.16,113.41,111.76,112.02,110.51,1808900,0.0,0.0
2018-05-23,110.86,112.68,110.72,112.67,111.15,1849600,0.0,0.0
2018-05-24,112.24,112.5,110.51,112.21,110.69,1596200,0.0,0.0
2018-05-25,111.67,112.19,111.15,111.63,110.12,1969200,0.0,0.0
2018-05-29,110.04,110.77,107.99,109.15,107.68,4430300,0.0,0.0
2018-05-30,110.28,112.34,110.17,111.91,110.4,1263200,0.0,0.0
2018-05-31,111.53,111.78,109.97,110.35,108.86,3413900,0.0,0.0
2018-06-01,111.73,113.0,111.68,112.67,111.15,1695200,0.0,0.0
2018-06-04,113.44,113.98,113.21,113.76,112.22,1647900,0.0,0.0
2018-06-05,113.83,114.25,113.14,114.04,112.5,1544100,0.0,0.0
2018-06-06,114.44,115.9,113.88,115.88,114.31,1267200,0.0,0.0
2018-06-07,116.22,116.51,114.91,115.74,114.18,1798500,0.0,0.0
2018-06-08,115.29,116.48,115.16,116.44,114.87,810000,0.0,0.0
2018-06-11,116.57,117.42,116.51,116.72,115.14,967600,0.0,0.0
2018-06-12,117.14,117.35,116.4,117.09,115.51,1118200,0.0,0.0
2018-06-13,117.23,117.47,116.07,116.17,114.6,1666200,0.0,0.0
2018-06-14,117.03,117.33,116.25,116.84,115.26,1621700,0.0,0.0
2018-06-15,116.09,116.8,115.01,116.52,114.95,1324600,0.0,0.0
2018-06-18,115.1,116.14,114.64,116.03,114.46,1627400,0.0,0.0
2018-06-19,113.87,115.32,113.44,115.13,113.57,1914500,0.0,0.0
2018-06-20,115.59,115.92,114.99,115.33,113.96,1201600,0.189,0.0
2018-06-21,115.24,115.25,113.35,113.84,112.49,2296000,0.0,0.0
2018-06-22,115.02,115.09,114.02,114.2,112.84,1373500,0.0,0.0
2018-06-25,113.11,113.26,109.53,111.1,109.78,5344000,0.0,0.0
2018-06-26,111.59,112.36,110.93,111.55,110.22,1539700,0.0,0.0
2018-06-27,112.1,113.44,109.61,109.67,108.37,2694900,0.0,0.0
2018-06-28,109.61,111.65,108.97,110.97,109.65,4082900,0.0,0.0
2018-06-29,111.95,113.2,111.18,111.29,109.97,1959700,0.0,0.0
2018-07-02,109.8,111.89,109.57,111.81,110.48,2376300,0.0,0.0
2018-07-03,112.54,112.61,110.53,110.86,109.54,1391100,0.0,0.0
2018-07-05,111.91,112.75,110.94,112.7,111.36,2267900,0.0,0.0
2018-07-06,112.72,114.93,112.36,114.49,113.13,1569200,0.0,0.0
2018-07-09,115.53,116.66,115.5,116.61,115.22,1087200,0.0,0.0
2018-07-10,117.08,117.56,116.78,117.37,115.97,1146700,0.0,0.0
2018-07-11,116.0,116.71,115.46,115.75,114.37,2332800,0.0,0.0
2018-07-12,116.9,117.85,116.34,117.76,116.36,1344700,0.0,0.0
2018-07-13,117.68,118.28,117.21,117.94,116.54,846400,0.0,0.0
2018-07-16,118.02,118.14,117.35,117.72,116.32,1036700,0.0,0.0
2018-07-17,117.03,119.11,116.98,118.76,117.35,1107900,0.0,0.0
2018-07-18,118.76,119.29,118.38,119.2,117.78,761500,0.0,0.0
2018-07-19,118.56,118.86,117.81,118.31,116.9,876900,0.0,0.0
2018-07-20,118.09,118.64,117.83,118.02,116.62,1123300,0.0,0.0
2018-07-23,117.75,118.6,117.45,118.44,117.03,503000,0.0,0.0
2018-07-24,119.7,120.39,118.77,119.54,118.12,1467600,0.0,0.0
2018-07-25,119.36,121.92,119.3,121.72,120.27,1753800,0.0,0.0
2018-07-26,120.86,121.68,120.81,120.98,119.54,721700,0.0,0.0
2018-07-27,121.34,121.39,118.47,119.37,117.95,2263900,0.0,0.0
2018-07-30,119.43,119.56,117.58,118.03,116.63,2449300,0.0,0.0
2018-07-31,118.88,119.83,118.46,119.18,117.76,1171800,0.0,0.0
2018-08-01,119.36,119.91,118.23,118.89,117.48,1214700,0.0,0.0
2018-08-02,117.65,120.27,117.39,120.01,118.58,961500,0.0,0.0
2018-08-03,120.23,121.17,120.08,121.17,119.73,999900,0.0,0.0
2018-08-06,121.13,122.3,120.78,122.04,120.59,1138400,0.0,0.0
2018-08-07,122.64,123.18,122.51,122.75,121.29,1351200,0.0,0.0
2018-08-08,122.62,123.06,122.24,122.64,121.18,1022200,0.0,0.0
2018-08-09,122.7,123.1,122.18,122.31,120.86,692300,0.0,0.0
2018-08-10,120.84,121.41,119.97,120.61,119.18,1912600,0.0,0.0
2018-08-13,120.91,121.5,119.46,119.67,118.25,1465400,0.0,0.0
2018-08-14,120.45,121.46,120.04,121.24,119.8,900900,0.0,0.0
2018-08-15,119.93,120.04,118.03,119.41,117.99,2009400,0.0,0.0
2018-08-16,120.78,122.18,120.78,121.36,119.92,1474400,0.0,0.0
2018-08-17,121.06,122.6,120.74,122.1,120.65,1252300,0.0,0.0
2018-08-20,122.68,122.96,122.16,122.69,121.23,1005800,0.0,0.0
2018-08-21,123.2,124.08,123.07,123.18,121.72,828500,0.0,0.0
2018-08-22,122.84,123.6,122.59,123.09,121.63,707300,0.0,0.0
2018-08-23,122.89,123.73,122.43,122.71,121.25,835500,0.0,0.0
2018-08-24,123.26,124.33,123.24,124.18,122.7,1342300,0.0,0.0
2018-08-27,125.3,126.24,125.19,126.09,124.59,1542900,0.0,0.0
2018-08-28,126.6,126.68,125.81,126.24,124.74,505900,0.0,0.0
2018-08-29,126.47,127.83,126.23,127.62,126.1,792300,0.0,0.0
2018-08-30,127.07,127.46,125.95,126.5,125.0,1225000,0.0,0.0
2018-08-31,126.1,126.96,125.65,126.51,125.01,785800,0.0,0.0
2018-09-04,126.12,126.41,125.08,126.14,124.64,1043200,0.0,0.0
2018-09-05,125.7,125.9,124.39,125.34,123.85,1900300,0.0,0.0
2018-09-06,125.46,125.74,123.58,124.63,123.15,1613400,0.0,0.0
2018-09-07,123.55,125.04,123.36,124.08,122.61,1283100,0.0,0.0
2018-09-10,125.06,125.31,124.32,124.5,123.02,710400,0.0,0.0
2018-09-11,123.9,125.75,123.54,125.4,123.91,1352300,0.0,0.0
2018-09-12,125.35,125.93,124.6,125.44,123.95,1339300,0.0,0.0
2018-09-13,126.36,127.01,126.13,126.81,125.3,1043300,0.0,0.0
2018-09-14,127.03,127.19,126.09,126.88,125.37,1191600,0.0,0.0
2018-09-17,126.84,126.84,125.22,125.5,124.01,810400,0.0,0.0
2018-09-18,125.66,127.43,125.66,126.85,125.34,1493900,0.0,0.0
2018-09-19,126.85,127.52,126.77,127.11,125.6,962300,0.0,0.0
2018-09-20,128.29,129.45,128.2,129.09,127.56,1676200,0.0,0.0
2018-09-21,129.9,129.98,128.74,128.93,127.4,799100,0.0,0.0
2018-09-24,128.32,128.44,127.44,128.08,126.56,1039300,0.0,0.0
2018-09-25,128.47,128.55,127.55,127.77,126.25,806800,0.0,0.0
2018-09-26,127.79,128.94,126.45,126.85,125.46,1019200,0.12,0.0
2018-09-27,127.33,128.6,127.04,127.56,126.16,615500,0.0,0.0
2018-09-28,126.95,128.04,126.9,127.52,126.12,815200,0.0,0.0
2018-10-01,128.78,129.49,127.79,128.41,127.0,1439700,0.0,0.0
2018-10-02,128.23,128.99,127.92,128.27,126.86,808400,0.0,0.0
2018-10-03,129.27,129.74,128.08,128.46,127.05,1404800,0.0,0.0
2018-10-04,127.87,127.95,124.8,126.43,125.04,2974100,0.0,0.0
2018-10-05,126.54,127.07,123.49,125.03,123.66,2881300,0.0,0.0
2018-10-08,124.22,125.25,122.9,124.86,123.49,1894500,0.0,0.0
2018-10-09,124.47,125.8,124.0,124.57,123.21,1819000,0.0,0.0
2018-10-10,124.02,124.05,116.29,116.57,115.29,3306800,0.0,0.0
2018-10-11,115.61,117.09,109.95,111.46,110.24,6609900,0.0,0.0
2018-10-12,115.39,115.47,111.61,114.6,113.34,3889300,0.0,0.0
2018-10-15,114.16,115.38,113.13,113.34,112.1,2840200,0.0,0.0
2018-10-16,115.02,118.56,114.64,118.19,116.9,1919400,0.0,0.0
2018-10-17,118.18,118.79,115.78,118.19,116.9,3614500,0.0,0.0
2018-10-18,117.31,117.87,113.55,114.83,113.57,3131600,0.0,0.0
2018-10-19,115.41,117.15,113.85,114.61,113.35,2105500,0.0,0.0
2018-10-22,115.23,115.54,113.08,113.58,112.34,2811600,0.0,0.0
2018-10-23,110.14,113.42,108.29,112.38,111.15,4516600,0.0,0.0
2018-10-24,112.22,112.53,105.08,105.61,104.45,3469800,0.0,0.0
2018-10-25,107.16,110.72,106.29,109.35,108.15,2917000,0.0,0.0
2018-10-26,105.94,108.28,103.05,105.47,104.31,5602100,0.0,0.0
2018-10-29,108.26,109.35,101.13,104.3,103.16,4339100,0.0,0.0
2018-10-30,104.15,107.64,103.76,107.35,106.17,2435500,0.0,0.0
2018-10-31,109.69,111.71,109.27,109.65,108.45,2528200,0.0,0.0
2018-11-01,110.44,112.12,109.43,111.85,110.62,1615500,0.0,0.0
2018-11-02,113.0,113.31,108.73,110.63,109.42,3322500,0.0,0.0
2018-11-05,111.02,112.3,110.18,111.8,110.58,1337300,0.0,0.0
2018-11-06,111.75,113.34,111.72,113.19,111.95,1224600,0.0,0.0
2018-11-07,115.17,118.13,114.83,117.97,116.68,2137500,0.0,0.0
2018-11-08,117.32,118.18,116.53,117.54,116.25,1758000,0.0,0.0
2018-11-09,116.35,116.47,113.96,115.39,114.13,1773100,0.0,0.0
2018-11-12,114.76,115.0,110.49,110.87,109.66,2496100,0.0,0.0
2018-11-13,111.34,113.16,109.85,110.52,109.31,1728800,0.0,0.0
2018-11-14,112.19,112.54,107.57,108.91,107.72,2876300,0.0,0.0
2018-11-15,107.82,111.65,106.4,111.2,109.98,2992800,0.0,0.0
2018-11-16,110.23,112.6,109.79,111.78,110.56,2105700,0.0,0.0
2018-11-19,111.26,111.46,107.2,108.0,106.82,1827300,0.0,0.0
2018-11-20,104.98,106.28,103.15,104.01,102.87,4087500,0.0,0.0
2018-11-21,105.3,106.31,104.66,104.66,103.51,1497700,0.0,0.0
2018-11-23,103.18,104.46,103.1,103.36,102.23,791300,0.0,0.0
2018-11-26,105.24,106.59,104.88,106.54,105.37,1997500,0.0,0.0
2018-11-27,105.65,107.24,105.16,107.24,106.06,1630700,0.0,0.0
2018-11-28,108.22,112.2,107.39,112.07,110.84,2643100,0.0,0.0
2018-11-29,111.49,113.0,110.47,111.7,110.48,3012800,0.0,0.0
2018-11-30,111.54,113.59,111.32,113.1,111.86,1761100,0.0,0.0
2018-12-03,116.91,116.96,114.57,115.98,114.71,2807700,0.0,0.0
2018-12-04,115.26,115.63,108.19,108.61,107.42,4296400,0.0,0.0
2018-12-06,104.97,108.28,102.16,108.28,107.09,5629600,0.0,0.0
2018-12-07,107.76,109.2,102.33,103.11,101.98,3985100,0.0,0.0
2018-12-10,102.89,104.26,99.19,103.38,102.25,3999500,0.0,0.0
2018-12-11,106.24,106.38,102.2,103.47,102.34,3251200,0.0,0.0
2018-12-12,106.13,107.25,104.49,104.53,103.38,3117200,0.0,0.0
2018-12-13,105.3,106.07,103.47,104.45,103.31,3015000,0.0,0.0
2018-12-14,102.46,103.32,100.03,100.51,99.41,3111700,0.0,0.0
2018-12-17,99.68,100.64,95.18,96.46,95.4,3782200,0.0,0.0
2018-12-18,97.93,98.49,95.02,96.34,95.28,2532800,0.0,0.0
2018-12-19,96.41,99.48,91.95,93.41,92.39,4713700,0.0,0.0
2018-12-20,92.36,93.63,88.46,90.42,89.43,5461100,0.0,0.0
2018-12-21,90.98,93.21,86.11,86.59,85.64,5460000,0.0,0.0
2018-12-24,85.39,86.24,81.81,81.81,80.91,3441600,0.0,0.0
2018-12-26,82.94,89.94,81.39,89.83,89.09,3922700,0.228,0.0
2018-12-27,87.43,91.6,84.74,91.6,90.85,3628200,0.0,0.0
2018-12-28,92.5,93.8,90.2,91.15,90.4,3834800,0.0,0.0
2018-12-31,92.43,92.86,90.98,92.82,92.06,3061100,0.0,0.0
2019-01-02,89.89,93.67,89.77,92.93,92.17,3516200,0.0,0.0
2019-01-03,91.46,91.63,88.03,88.34,87.62,4714900,0.0,0.0
2019-01-04,90.89,94.85,90.57,94.43,93.66,3519600,0.0,0.0
2019-01-07,94.57,97.01,93.81,95.8,95.02,2550600,0.0,0.0
2019-01-08,97.66,98.03,95.58,97.56,96.76,3063200,0.0,0.0
2019-01-09,98.2,99.25,97.19,98.46,97.65,2210800,0.0,0.0
2019-01-10,97.22,99.38,96.62,99.22,98.41,2689700,0.0,0.0
2019-01-11,98.28,99.24,97.77,99.18,98.37,1549900,0.0,0.0
2019-01-14,97.61,98.69,97.29,98.07,97.27,1330700,0.0,0.0
2019-01-15,98.37,100.53,98.37,100.31,99.49,2500800,0.0,0.0
2019-01-16,100.63,101.5,100.45,100.7,99.87,1279300,0.0,0.0
2019-01-17,99.97,102.98,99.93,102.18,101.34,1458400,0.0,0.0
2019-01-18,103.81,105.33,103.13,104.88,104.02,2159200,0.0,0.0
2019-01-22,103.62,103.8,100.7,102.16,101.32,2828700,0.0,0.0
2019-01-23,102.99,103.57,100.4,102.43,101.59,1861200,0.0,0.0
2019-01-24,102.34,103.08,101.44,102.6,101.76,1495100,0.0,0.0
2019-01-25,104.16,105.01,103.81,104.29,103.44,1377300,0.0,0.0
2019-01-28,102.45,102.79,101.18,102.79,101.95,1323400,0.0,0.0
2019-01-29,102.84,103.3,101.7,102.42,101.58,968700,0.0,0.0
2019-01-30,103.75,106.38,103.09,105.65,104.78,1936000,0.0,0.0
2019-01-31,105.61,107.86,105.42,107.42,106.54,1948700,0.0,0.0
2019-02-01,107.65,108.52,106.93,107.64,106.76,1534500,0.0,0.0
2019-02-04,107.61,109.15,107.03,109.15,108.26,986400,0.0,0.0
2019-02-05,109.5,110.25,109.01,110.03,109.13,1200800,0.0,0.0
2019-02-06,109.72,110.12,109.03,109.66,108.76,786400,0.0,0.0
2019-02-07,108.21,108.67,106.08,107.59,106.71,2290900,0.0,0.0
2019-02-08,106.42,107.88,105.73,107.81,106.93,1745500,0.0,0.0
2019-02-11,108.4,108.61,107.45,107.93,107.05,1182100,0.0,0.0
2019-02-12,109.34,111.03,109.26,110.74,109.83,1134200,0.0,0.0
2019-02-13,111.47,112.14,111.07,111.38,110.47,1771400,0.0,0.0
2019-02-14,110.36,111.87,109.63,110.84,109.93,1930700,0.0,0.0
2019-02-15,112.47,113.3,112.27,113.26,112.33,1519100,0.0,0.0
2019-02-19,112.52,114.25,112.5,113.68,112.75,1029600,0.0,0.0
2019-02-20,113.64,114.49,113.14,114.09,113.16,1357600,0.0,0.0
2019-02-21,113.51,113.79,112.37,113.26,112.33,1388000,0.0,0.0
2019-02-22,113.83,114.81,113.56,114.64,113.7,1340700,0.0,0.0
2019-02-25,115.93,116.41,114.87,115.04,114.1,1904400,0.0,0.0
2019-02-26,114.57,115.56,114.45,114.75,113.81,1001100,0.0,0.0
2019-02-27,114.09,114.92,113.23,114.67,113.73,1188000,0.0,0.0
2019-02-28,114.38,114.81,113.9,114.09,113.16,775900,0.0,0.0
2019-03-01,115.64,115.98,114.3,115.71,114.76,1462200,0.0,0.0
2019-03-04,116.57,116.75,112.64,114.76,113.82,2865100,0.0,0.0
2019-03-05,114.84,115.01,113.9,114.43,113.49,866900,0.0,0.0
2019-03-06,114.48,114.48,112.73,112.97,112.04,1864100,0.0,0.0
2019-03-07,112.57,112.66,110.34,111.11,110.2,2651700,0.0,0.0
2019-03-08,109.4,110.75,108.96,110.65,109.74,2015700,0.0,0.0
2019-03-11,111.26,113.97,111.26,113.91,112.98,961200,0.0,0.0
2019-03-12,114.31,115.13,114.18,114.63,113.69,1030900,0.0,0.0
2019-03-13,115.51,117.03,115.34,116.2,115.25,1317400,0.0,0.0
2019-03-14,116.18,116.56,115.6,116.04,115.09,1000100,0.0,0.0
2019-03-15,116.46,117.85,116.34,117.16,116.2,1422800,0.0,0.0
2019-03-18,117.31,118.25,117.11,118.04,117.07,1318000,0.0,0.0
2019-03-19,118.95,119.65,117.2,118.07,117.1,1295700,0.0,0.0
2019-03-20,117.57,118.69,116.06,116.97,116.23,1998000,0.22,0.0
2019-03-21,116.3,120.02,116.27,119.65,118.89,1305000,0.0,0.0
2019-03-22,118.37,118.87,115.0,115.03,114.3,3079300,0.0,0.0
2019-03-25,114.75,115.8,113.76,114.9,114.17,2208700,0.0,0.0
2019-03-26,116.46,117.43,115.29,116.52,115.78,2158600,0.0,0.0
2019-03-27,116.58,117.06,113.92,115.35,114.62,1406800,0.0,0.0
2019-03-28,115.91,116.59,114.84,116.29,115.55,1309300,0.0,0.0
2019-03-29,117.59,117.93,116.56,117.8,117.05,1365100,0.0,0.0
2019-04-01,119.48,120.66,119.23,120.44,119.68,1275300,0.0,0.0
2019-04-02,120.58,120.72,119.8,120.53,119.77,669000,0.0,0.0
2019-04-03,121.64,122.01,120.32,120.97,120.2,1503400,0.0,0.0
2019-04-04,121.17,121.7,120.5,121.53,120.76,811800,0.0,0.0
2019-04-05,122.13,122.67,121.84,122.57,121.79,1006000,0.0,0.0
2019-04-08,122.22,122.92,121.61,122.85,122.07,1153400,0.0,0.0
2019-04-09,121.88,122.18,121.03,121.54,120.77,1815400,0.0,0.0
2019-04-10,121.93,122.44,121.55,122.33,121.55,671500,0.0,0.0
2019-04-11,122.79,122.79,121.75,122.27,121.49,817700,0.0,0.0
2019-04-12,123.8,124.18,123.13,123.91,123.12,987700,0.0,0.0
2019-04-15,123.99,124.04,122.97,123.75,122.97,856900,0.0,0.0
2019-04-16,124.54,124.6,123.31,123.87,123.08,1037200,0.0,0.0
2019-04-17,124.89,124.91,122.84,123.28,122.5,1109200,0.0,0.0
2019-04-18,123.78,123.93,122.53,123.7,122.92,1201100,0.0,0.0
2019-04-22,122.95,124.04,122.87,123.88,123.09,580900,0.0,0.0
2019-04-23,124.23,126.32,124.02,126.14,125.34,1027300,0.0,0.0
2019-04-24,126.0,126.31,125.39,125.57,124.77,779000,0.0,0.0
2019-04-25,125.43,125.96,124.19,125.35,124.56,1073600,0.0,0.0
2019-04-26,125.38,126.56,124.62,126.54,125.74,1083100,0.0,0.0
2019-04-29,126.59,127.36,126.49,126.86,126.06,612200,0.0,0.0
2019-04-30,126.5,127.23,125.19,126.89,126.09,1195700,0.0,0.0
2019-05-01,127.58,127.76,125.03,125.14,124.35,1544400,0.0,0.0
2019-05-02,124.88,125.79,123.11,124.54,123.75,1835300,0.0,0.0
2019-05-03,125.87,127.15,125.67,126.88,126.08,1051700,0.0,0.0
2019-05-06,122.74,126.25,122.44,125.83,125.03,1547700,0.0,0.0
2019-05-07,123.55,124.11,119.81,121.64,120.87,2260200,0.0,0.0
2019-05-08,121.3,122.9,120.71,121.3,120.53,1377200,0.0,0.0
2019-05-09,119.29,121.07,117.65,120.5,119.74,2144800,0.0,0.0
2019-05-10,119.63,122.37,116.81,121.58,120.81,2575200,0.0,0.0
2019-05-13,116.88,117.79,114.79,115.59,114.86,2743300,0.0,0.0
2019-05-14,116.48,119.03,116.4,117.66,116.91,1191600,0.0,0.0
2019-05-15,116.13,119.58,115.94,118.94,118.19,2295400,0.0,0.0
2019-05-16,119.6,122.44,119.56,121.16,120.39,1500900,0.0,0.0
2019-05-17,118.99,121.89,118.99,119.64,118.88,1808700,0.0,0.0
2019-05-20,118.11,119.21,117.31,118.07,117.32,1374700,0.0,0.0
2019-05-21,119.54,120.46,119.33,120.1,119.34,930500,0.0,0.0
2019-05-22,119.18,120.2,118.94,119.41,118.65,1223000,0.0,0.0
2019-05-23,117.27,117.3,115.13,116.47,115.73,2085300,0.0,0.0
2019-05-24,117.74,118.08,116.33,116.88,116.14,884200,0.0,0.0
2019-05-28,117.14,118.03,114.69,114.71,113.98,1520000,0.0,0.0
2019-05-29,113.67,114.04,111.87,113.23,112.51,2291000,0.0,0.0
2019-05-30,113.78,114.57,112.76,113.72,113.0,1333400,0.0,0.0
2019-05-31,111.43,112.19,110.64,110.68,109.98,2181400,0.0,0.0
2019-06-03,110.66,111.68,108.88,110.06,109.36,3343000,0.0,0.0
2019-06-04,112.13,114.99,111.73,114.82,114.09,1983200,0.0,0.0
2019-06-05,116.35,116.86,114.67,116.8,116.06,1740900,0.0,0.0
2019-06-06,117.07,118.97,116.5,118.34,117.59,1886900,0.0,0.0
2019-06-07,119.29,121.7,119.12,120.65,119.88,1949600,0.0,0.0
2019-06-10,122.14,123.36,121.72,121.83,121.06,1840700,0.0,0.0
2019-06-11,123.51,123.85,121.15,121.74,120.97,1474700,0.0,0.0
2019-06-12,121.51,122.02,120.81,121.31,120.54,967100,0.0,0.0
2019-06-13,122.13,122.59,121.46,122.37,121.59,1070500,0.0,0.0
2019-06-14,121.96,122.53,121.28,121.94,121.17,687800,0.0,0.0
2019-06-17,122.18,122.77,121.89,122.13,121.36,807000,0.0,0.0
2019-06-18,123.72,125.6,123.42,124.48,123.69,1431300,0.0,0.0
2019-06-19,124.72,125.63,123.79,125.2,124.41,1033000,0.0,0.0
2019-06-20,127.67,127.88,125.6,127.48,126.67,1074500,0.0,0.0
2019-06-21,127.22,128.44,126.92,127.16,126.35,1172600,0.0,0.0
2019-06-24,127.28,127.58,126.66,126.84,126.04,820500,0.0,0.0
2019-06-25,126.58,126.58,123.95,124.04,123.51,1210600,0.266,0.0
2019-06-26,124.87,125.35,123.67,123.73,123.2,927700,0.0,0.0
2019-06-27,124.47,125.09,124.13,124.68,124.15,866300,0.0,0.0
2019-06-28,125.53,126.36,125.07,126.01,125.47,1022100,0.0,0.0
2019-07-01,129.01,129.21,127.01,128.1,127.56,1787500,0.0,0.0
2019-07-02,128.07,128.83,127.27,128.79,128.24,1024500,0.0,0.0
2019-07-03,129.44,130.81,129.26,130.78,130.22,938700,0.0,0.0
2019-07-05,129.62,130.65,128.36,130.46,129.91,1314200,0.0,0.0
2019-07-08,129.21,129.52,128.53,129.01,128.46,1203100,0.0,0.0
2019-07-09,127.91,129.64,127.88,129.43,128.88,803200,0.0,0.0
2019-07-10,130.4,131.46,129.87,130.53,129.97,1191000,0.0,0.0
2019-07-11,131.19,131.39,130.19,131.11,130.55,1054800,0.0,0.0
2019-07-12,131.61,132.38,131.33,132.33,131.77,763400,0.0,0.0
2019-07-15,132.72,132.73,131.92,132.4,131.84,748000,0.0,0.0
2019-07-16,132.3,132.46,131.21,131.5,130.94,904200,0.0,0.0
2019-07-17,131.46,131.59,129.69,129.69,129.14,999300,0.0,0.0
2019-07-18,129.19,130.98,128.76,130.64,130.08,1392000,0.0,0.0
2019-07-19,131.68,131.81,128.98,129.15,128.6,1401500,0.0,0.0
2019-07-22,129.53,130.29,129.04,129.77,129.22,810900,0.0,0.0
2019-07-23,130.83,131.62,130.06,131.6,131.04,806200,0.0,0.0
2019-07-24,130.9,132.8,130.79,132.8,132.24,966300,0.0,0.0
2019-07-25,132.41,132.41,130.75,131.53,130.97,1087700,0.0,0.0
2019-07-26,132.21,133.46,132.1,133.28,132.71,1002300,0.0,0.0
2019-07-29,133.14,133.19,132.24,132.84,132.28,761900,0.0,0.0
2019-07-30,131.4,132.51,131.07,132.18,131.62,892200,0.0,0.0
2019-07-31,132.33,132.52,127.3,129.18,128.63,2736300,0.0,0.0
2019-08-01,129.31,132.15,126.16,126.88,126.34,3081300,0.0,0.0
2019-08-02,126.06,126.25,123.51,125.24,124.71,2465400,0.0,0.0
2019-08-05,121.14,121.22,115.67,117.72,117.22,3510200,0.0,0.0
2019-08-06,119.19,120.95,117.83,120.78,120.27,2446700,0.0,0.0
2019-08-07,117.87,121.56,115.93,120.85,120.34,3472000,0.0,0.0
2019-08-08,122.25,125.52,121.74,125.47,124.94,1685000,0.0,0.0
2019-08-09,124.7,125.25,122.19,123.85,123.32,2510800,0.0,0.0
2019-08-12,122.38,122.94,119.92,120.87,120.36,1367700,0.0,0.0
2019-08-13,120.51,125.93,120.23,124.5,123.97,2817600,0.0,0.0
2019-08-14,120.76,121.32,117.08,117.21,116.71,2990700,0.0,0.0
2019-08-15,117.98,118.6,115.93,117.84,117.34,2798000,0.0,0.0
2019-08-16,119.29,121.65,119.25,121.29,120.77,1970800,0.0,0.0
2019-08-19,124.08,124.79,123.44,124.22,123.69,1304700,0.0,0.0
2019-08-20,123.7,124.17,122.12,122.25,121.73,1244300,0.0,0.0
2019-08-21,124.26,124.57,123.59,124.18,123.65,920100,0.0,0.0
2019-08-22,124.85,125.45,122.47,124.07,123.54,1374700,0.0,0.0
2019-08-23,122.9,124.43,116.56,117.67,117.17,3214400,0.0,0.0
2019-08-26,119.72,120.26,118.32,120.25,119.74,1652300,0.0,0.0
2019-08-27,121.61,121.94,118.68,119.3,118.79,1424700,0.0,0.0
2019-08-28,118.69,121.17,118.0,120.97,120.46,1559200,0.0,0.0
2019-08-29,123.39,124.56,122.44,124.08,123.55,1753700,0.0,0.0
2019-08-30,125.46,125.48,123.09,123.96,123.43,1390800,0.0,0.0
2019-09-03,122.37,123.19,121.22,122.51,121.99,1590800,0.0,0.0
2019-09-04,124.55,125.28,123.78,125.22,124.69,1047300,0.0,0.0
2019-09-05,127.6,129.31,127.48,128.5,127.95,1135500,0.0,0.0
2019-09-06,128.83,129.26,128.17,128.67,128.12,1279900,0.0,0.0
2019-09-09,129.62,129.67,127.89,128.76,128.21,671300,0.0,0.0
2019-09-10,128.0,128.78,126.83,128.78,128.23,709400,0.0,0.0
2019-09-11,128.99,130.58,128.43,130.54,129.98,1279400,0.0,0.0
2019-09-12,131.35,132.41,130.65,131.45,130.89,1305700,0.0,0.0
2019-09-13,131.82,132.13,130.85,131.22,130.66,581700,0.0,0.0
2019-09-16,130.06,130.76,129.74,130.4,129.85,771100,0.0,0.0
2019-09-17,130.11,131.1,130.03,131.02,130.46,573200,0.0,0.0
2019-09-18,130.64,131.26,128.66,131.21,130.65,1415300,0.0,0.0
2019-09-19,131.5,132.51,130.81,131.13,130.57,1305300,0.0,0.0
2019-09-20,131.71,131.94,129.13,129.78,129.23,1380700,0.0,0.0
2019-09-23,129.2,130.46,129.0,129.81,129.26,899900,0.0,0.0
2019-09-24,130.85,131.19,126.83,127.74,127.2,2194000,0.0,0.0
2019-09-25,127.77,129.67,126.39,129.18,128.63,1494700,0.0,0.0
2019-09-26,129.27,129.43,127.33,128.71,128.16,1974700,0.0,0.0
2019-09-27,129.41,129.5,125.8,127.29,126.75,1773500,0.0,0.0
2019-09-30,127.73,129.11,127.71,128.45,127.9,992600,0.0,0.0
2019-10-01,129.27,129.88,125.16,125.4,124.87,1717400,0.0,0.0
2019-10-02,123.88,123.88,119.73,120.99,120.48,3049000,0.0,0.0
2019-10-03,120.69,122.85,118.22,122.84,122.32,3158200,0.0,0.0
2019-10-04,123.52,126.41,123.5,126.15,125.61,2139300,0.0,0.0
2019-10-07,125.42,126.96,124.84,125.12,124.59,1614200,0.0,0.0
2019-10-08,123.32,124.03,121.2,121.21,120.69,2549500,0.0,0.0
2019-10-09,123.06,124.35,122.47,123.41,122.89,1753900,0.0,0.0
2019-10-10,123.34,125.95,123.22,125.09,124.56,1765200,0.0,0.0
2019-10-11,127.7,129.8,127.58,127.73,127.19,2169900,0.0,0.0
2019-10-14,127.4,128.01,127.11,127.5,126.96,875500,0.0,0.0
2019-10-15,128.37,130.64,128.31,129.96,129.41,1370900,0.0,0.0
2019-10-16,129.45,130.13,129.08,129.52,128.97,873900,0.0,0.0
2019-10-17,130.6,131.08,129.59,130.19,129.64,1076700,0.0,0.0
2019-10-18,129.75,130.34,128.22,129.08,128.53,1233100,0.0,0.0
2019-10-21,130.36,131.0,129.92,130.91,130.35,833000,0.0,0.0
2019-10-22,131.37,131.57,129.84,129.94,129.39,1117800,0.0,0.0
2019-10-23,129.71,130.76,129.51,130.71,130.15,679600,0.0,0.0
2019-10-24,131.59,131.68,130.33,131.16,130.6,770800,0.0,0.0
2019-10-25,130.59,132.71,130.54,132.23,131.67,1115200,0.0,0.0
2019-10-28,133.3,134.13,133.3,133.72,133.15,929400,0.0,0.0
2019-10-29,133.37,134.44,133.25,133.57,133.0,1165200,0.0,0.0
2019-10-30,133.77,134.74,132.44,134.41,133.84,1470400,0.0,0.0
2019-10-31,134.29,134.29,132.2,133.59,133.02,1468400,0.0,0.0
2019-11-01,134.96,136.16,134.78,136.16,135.58,1257800,0.0,0.0
2019-11-04,137.59,137.72,136.81,137.12,136.54,1521400,0.0,0.0
2019-11-05,137.31,137.64,136.57,136.83,136.25,767000,0.0,0.0
2019-11-06,136.85,137.13,135.96,136.92,136.34,1093100,0.0,0.0
2019-11-07,138.13,138.95,137.36,137.85,137.26,1157900,0.0,0.0
2019-11-08,137.49,138.52,136.78,138.52,137.93,757400,0.0,0.0
2019-11-11,137.17,138.12,137.0,137.98,137.39,518200,0.0,0.0
2019-11-12,138.28,139.42,137.75,138.47,137.88,1530000,0.0,0.0
2019-11-13,137.54,138.97,137.29,138.58,137.99,1129000,0.0,0.0
2019-11-14,138.26,139.04,137.68,138.95,138.36,949700,0.0,0.0
2019-11-15,140.23,140.99,139.66,140.98,140.38,917600,0.0,0.0
2019-11-18,140.72,141.4,140.29,141.13,140.53,796900,0.0,0.0
2019-11-19,141.77,141.77,140.43,141.0,140.4,695800,0.0,0.0
2019-11-20,140.48,140.96,138.45,140.02,139.42,1337200,0.0,0.0
2019-11-21,140.04,140.17,138.75,139.56,138.97,670000,0.0,0.0
2019-11-22,140.26,140.37,139.14,140.13,139.53,766600,0.0,0.0
2019-11-25,141.04,142.3,141.04,142.27,141.66,1154100,0.0,0.0
2019-11-26,142.36,143.1,142.0,142.93,142.32,564400,0.0,0.0
2019-11-27,143.44,144.16,143.16,144.16,143.55,599800,0.0,0.0
2019-11-29,143.59,143.85,142.86,143.03,142.42,575900,0.0,0.0
2019-12-02,143.32,143.32,140.22,140.65,140.05,1642500,0.0,0.0
2019-12-03,137.9,138.81,136.54,138.69,138.1,2172100,0.0,0.0
2019-12-04,139.73,141.02,139.43,140.46,139.86,948900,0.0,0.0
2019-12-05,141.09,141.1,139.63,140.94,140.34,1583300,0.0,0.0
2019-12-06,142.82,143.9,142.82,143.45,142.84,921100,0.0,0.0
2019-12-09,143.07,143.74,142.51,142.6,141.99,769300,0.0,0.0
2019-12-10,142.49,143.17,141.6,142.21,141.61,1137200,0.0,0.0
2019-12-11,142.67,143.28,142.29,143.02,142.41,1319100,0.0,0.0
2019-12-12,142.99,146.26,142.79,145.45,144.83,2770700,0.0,0.0
2019-12-13,145.24,146.88,144.41,145.63,145.01,2086300,0.0,0.0
2019-12-16,147.37,148.23,147.34,147.62,146.99,866500,0.0,0.0
2019-12-17,148.07,148.31,147.62,147.67,147.04,629400,0.0,0.0
2019-12-18,148.06,148.31,147.67,147.7,147.07,635300,0.0,0.0
2019-12-19,147.82,148.96,147.81,148.87,148.24,874800,0.0,0.0
2019-12-20,149.92,150.83,149.87,150.38,149.74,1322600,0.0,0.0
2019-12-23,150.97,150.99,150.47,150.62,149.98,837300,0.0,0.0
2019-12-24,150.56,150.61,150.04,150.37,150.0,556000,0.269,0.0
2019-12-26,150.69,151.88,150.69,151.85,151.47,691400,0.0,0.0
2019-12-27,152.67,152.68,151.29,151.79,151.41,1046100,0.0,0.0
2019-12-30,151.85,151.95,149.63,150.17,149.8,1862100,0.0,0.0
2019-12-31,149.55,151.06,149.21,150.84,150.47,1639400,0.0,0.0
2020-01-02,152.4,153.59,151.43,153.55,153.17,1345300,0.0,0.0
2020-01-03,150.06,152.44,150.02,151.27,150.9,1643800,0.0,0.0
2020-01-06,149.45,152.49,149.37,152.41,152.03,1615200,0.0,0.0
2020-01-07,151.83,152.32,151.07,151.52,151.15,941500,0.0,0.0
2020-01-08,151.78,154.39,151.46,153.06,152.68,1900600,0.0,0.0
2020-01-09,154.76,155.27,154.15,155.16,154.78,865000,0.0,0.0
2020-01-10,155.88,155.96,153.81,154.25,153.87,1071500,0.0,0.0
2020-01-13,154.95,156.39,154.48,156.35,155.96,961200,0.0,0.0
2020-01-14,155.94,157.0,155.37,155.9,155.51,1680800,0.0,0.0
2020-01-15,155.82,157.4,155.71,156.54,156.15,1413700,0.0,0.0
2020-01-16,157.99,159.14,157.78,159.12,158.73,1076600,0.0,0.0
2020-01-17,159.91,160.34,159.29,160.22,159.82,1137400,0.0,0.0
2020-01-21,159.07,160.32,159.05,159.48,159.09,1182700,0.0,0.0
2020-01-22,160.4,161.07,159.38,159.58,159.19,1045400,0.0,0.0
2020-01-23,158.81,160.05,157.62,159.86,159.46,1641900,0.0,0.0
2020-01-24,160.6,160.61,155.67,156.93,156.54,3311600,0.0,0.0
2020-01-27,151.5,153.47,151.13,151.94,151.56,2533900,0.0,0.0
2020-01-28,153.36,156.01,152.94,155.11,154.73,1753500,0.0,0.0
2020-01-29,156.52,156.75,154.65,154.87,154.49,1994800,0.0,0.0
2020-01-30,152.63,156.04,151.91,155.75,155.37,3219900,0.0,0.0
2020-01-31,155.16,155.28,149.22,150.18,149.81,4583900,0.0,0.0
2020-02-03,151.66,154.29,151.6,152.42,152.04,2260300,0.0,0.0
2020-02-04,156.09,157.9,155.75,157.02,156.63,1297600,0.0,0.0
2020-02-05,160.07,160.83,158.55,160.63,160.23,1760700,0.0,0.0
2020-02-06,161.6,161.9,160.54,161.72,161.32,844300,0.0,0.0
2020-02-07,160.58,161.32,159.39,159.95,159.55,1181500,0.0,0.0
2020-02-10,158.96,162.36,158.96,162.36,161.96,947400,0.0,0.0
2020-02-11,163.77,164.57,162.36,162.86,162.46,1769900,0.0,0.0
2020-02-12,164.4,165.19,164.01,164.94,164.53,1129500,0.0,0.0
2020-02-13,163.37,165.61,163.12,164.58,164.17,1718700,0.0,0.0
2020-02-14,164.96,165.19,163.76,165.06,164.65,1903100,0.0,0.0
2020-02-18,164.0,164.61,162.73,164.2,163.79,1894800,0.0,0.0
2020-02-19,165.23,166.5,164.95,165.72,165.31,688200,0.0,0.0
2020-02-20,165.13,166.01,161.21,164.39,163.98,2596400,0.0,0.0
2020-02-21,162.9,163.23,160.09,160.91,160.51,1975700,0.0,0.0
2020-02-24,150.86,153.52,148.84,150.0,149.63,3903400,0.0,0.0
2020-02-25,151.68,152.27,140.22,141.17,140.82,5446900,0.0,0.0
2020-02-26,142.39,146.03,139.33,140.1,139.75,5684700,0.0,0.0
2020-02-27,134.49,138.36,127.43,127.47,127.15,7101600,0.0,0.0
2020-02-28,119.78,126.96,117.14,126.96,126.65,6964100,0.0,0.0
2020-03-02,127.63,137.31,124.8,137.23,136.89,4941700,0.0,0.0
2020-03-03,137.69,141.47,127.01,129.51,129.19,6332700,0.0,0.0
2020-03-04,134.42,140.43,132.1,140.24,139.89,3490300,0.0,0.0
2020-03-05,133.18,136.25,128.49,130.87,130.55,4018300,0.0,0.0
2020-03-06,122.78,127.65,120.26,126.61,126.3,5983600,0.0,0.0
2020-03-09,108.18,115.19,106.08,106.9,106.64,4321000,0.0,0.0
2020-03-10,114.91,117.89,106.18,117.86,117.57,5628400,0.0,0.0
2020-03-11,111.45,112.89,103.5,106.16,105.9,4069400,0.0,0.0
2020-03-12,91.92,100.34,85.75,85.89,85.68,7567800,0.0,0.0
2020-03-13,96.65,101.81,86.94,101.72,101.47,6828600,0.0,0.0
2020-03-16,79.62,91.18,76.33,77.96,77.77,5886000,0.0,0.0
2020-03-17,81.66,88.83,76.5,87.65,87.43,5704100,0.0,0.0
2020-03-18,75.82,82.04,69.71,78.66,78.47,6638800,0.0,0.0
2020-03-19,77.1,82.61,72.78,78.61,78.42,5775200,0.0,0.0
2020-03-20,80.37,81.68,71.22,71.48,71.3,5326300,0.0,0.0
2020-03-23,71.05,71.77,64.83,67.38,67.21,5604300,0.0,0.0
2020-03-24,74.94,80.5,74.32,80.11,79.91,5048400,0.0,0.0
2020-03-25,80.89,88.36,77.51,82.16,82.16,5910900,0.198,0.0
2020-03-26,83.78,92.75,83.69,91.84,91.84,4601500,0.0,0.0
2020-03-27,86.1,91.39,84.51,86.16,86.16,5093300,0.0,0.0
2020-03-30,87.8,92.26,86.3,91.77,91.77,3588100,0.0,0.0
2020-03-31,91.0,92.96,87.94,88.91,88.91,3268700,0.0,0.0
2020-04-01,82.27,84.67,79.47,80.91,80.91,3670900,0.0,0.0
2020-04-02,80.38,85.32,80.0,84.71,84.71,3763000,0.0,0.0
2020-04-03,84.04,85.71,80.35,82.29,82.29,4204600,0.0,0.0
2020-04-06,88.72,94.72,87.97,93.41,93.41,3541100,0.0,0.0
2020-04-07,99.92,100.53,93.31,93.5,93.5,6417400,0.0,0.0
2020-04-08,95.47,100.71,93.78,99.79,99.79,4442300,0.0,0.0
2020-04-09,102.3,104.97,100.82,102.76,102.76,4852200,0.0,0.0
2020-04-13,101.98,102.15,97.75,100.86,100.86,4474400,0.0,0.0
2020-04-14,104.81,107.46,103.98,106.89,106.89,3792800,0.0,0.0
2020-04-15,102.15,103.65,100.56,102.3,102.3,3177000,0.0,0.0
2020-04-16,103.31,103.93,100.82,103.35,103.35,4102400,0.0,0.0
